{"type":"View","props":{"width":720,"top":0,"right":0,"left":0,"height":1280,"bottom":0},"compId":2,"child":[{"type":"Box","props":{"var":"Gaming","top":0,"right":0,"left":-1,"bottom":0},"compId":72,"child":[{"type":"Box","props":{"y":0,"x":0,"var":"UIBox","top":0,"right":0,"left":0,"bottom":0},"compId":689,"child":[{"type":"Box","props":{"var":"SliderBox","top":0,"right":0,"left":0,"bottom":0},"compId":690},{"type":"Image","props":{"visible":true,"var":"DrawingBG","top":0,"skin":"DX/bj.png","right":0,"left":0,"bottom":0},"compId":720},{"type":"Box","props":{"width":720,"var":"Board","height":878,"centerX":0,"bottom":0,"alpha":1},"compId":691,"child":[{"type":"Image","props":{"top":0,"skin":"DX/xia.png","right":0,"left":0,"bottom":0},"compId":692},{"type":"Image","props":{"y":45.5,"x":44.5,"var":"imgBg","skin":"DX/hua.png"},"compId":693},{"type":"Image","props":{"y":717,"x":182,"skin":"resUI/img_main_color1.png","name":"imgColor1"},"compId":694},{"type":"Image","props":{"y":720,"x":258,"skin":"resUI/img_main_color2.png","name":"imgColor2"},"compId":695},{"type":"Image","props":{"y":719,"x":334,"skin":"resUI/img_main_color3.png","name":"imgColor3"},"compId":696},{"type":"Image","props":{"y":719,"x":410,"skin":"resUI/img_main_color4.png","name":"imgColor4"},"compId":697},{"type":"Image","props":{"y":719,"x":486,"skin":"resUI/img_main_color5.png","name":"imgColor5"},"compId":698},{"type":"Image","props":{"y":719,"x":562,"skin":"resUI/img_main_color6.png","name":"imgColor6"},"compId":699},{"type":"Image","props":{"y":800,"x":182,"skin":"resUI/img_main_color7.png","name":"imgColor7"},"compId":700},{"type":"Image","props":{"y":800,"x":259,"skin":"resUI/img_main_color8.png","name":"imgColor8"},"compId":701},{"type":"Image","props":{"y":800,"x":334,"skin":"resUI/img_main_color9.png","name":"imgColor9"},"compId":702},{"type":"Image","props":{"y":800,"x":410,"skin":"resUI/img_main_color10.png","name":"imgColor10"},"compId":703},{"type":"Image","props":{"y":800,"x":487,"skin":"resUI/img_main_color11.png","name":"imgColor11"},"compId":704},{"type":"Image","props":{"y":800,"x":562,"skin":"resUI/img_main_color12.png","name":"imgColor12"},"compId":705},{"type":"Image","props":{"y":753,"x":80,"var":"imgRubber","skin":"resUI/img_main_xiangpi.png"},"compId":706},{"type":"Image","props":{"y":788,"x":110,"var":"imgGou","skin":"DX/img_main_xuanzeyanse.png"},"compId":707},{"type":"Image","props":{"y":830,"x":84,"skin":"resUI/img_main_xiangpi2.png"},"compId":708},{"type":"Box","props":{"y":45.5,"x":44.5,"width":631,"var":"DrawBox","height":674},"compId":709},{"type":"Button","props":{"y":35,"x":600.5,"var":"btnUp","stateNum":1,"skin":"resUI/img_main_fangda.png"},"compId":710},{"type":"Button","props":{"y":35,"x":10,"width":100,"var":"btnClear","stateNum":1,"skin":"resUI/img_main_qingli.png","height":100},"compId":711},{"type":"Button","props":{"y":49.5,"x":525.5,"var":"btnNext","stateNum":1,"skin":"DX/anniu_wan.png"},"compId":712}]},{"type":"Button","props":{"var":"btnCatch","stateNum":1,"skin":"resUI/img_main_shifoudaibu.png","centerY":-200,"centerX":0},"compId":714},{"type":"Box","props":{"var":"TipBox","top":0,"right":0,"left":1,"height":110,"bgColor":"#f4bd5b"},"compId":715,"child":[{"type":"Label","props":{"y":25,"x":110,"width":500,"var":"GirlName","valign":"middle","fontSize":60,"font":"Arial","color":"#ffffff","bold":true,"align":"center"},"compId":716}]},{"type":"Box","props":{"var":"bubbleRoot","top":0,"right":0,"mouseThrough":true,"left":0,"bottom":0},"compId":717,"child":[{"type":"Box","props":{"y":0,"x":-1,"width":700,"visible":false,"height":90},"compId":728,"child":[{"type":"Image","props":{"y":5,"x":30,"width":80,"skin":"DX/icon/17.jpg","height":80},"compId":729},{"type":"Image","props":{"y":0,"x":140,"width":540,"skin":"DX/qipao_1.png","height":90},"compId":730},{"type":"Label","props":{"y":32,"x":170,"width":497,"valign":"middle","text":"label","height":30,"fontSize":30,"align":"center"},"compId":737},{"type":"Box","props":{"y":116,"x":719,"width":719,"visible":false,"scaleX":1,"height":90,"anchorX":1},"compId":734,"child":[{"type":"Sprite","props":{"y":5,"x":616,"texture":"DX/icon/ZDS.jpg"},"compId":735},{"type":"Image","props":{"y":0,"x":467,"width":133,"skin":"DX/qipao_2.png","height":90},"compId":736},{"type":"Label","props":{"y":30,"x":476,"width":106,"valign":"middle","text":"好的","height":30,"fontSize":30,"align":"center"},"compId":740}]}]}]}]}]}],"animations":[{"nodes":[{"target":741,"keyframes":{"rotation":[{"value":90,"tweenMethod":"linearNone","tween":true,"target":741,"key":"rotation","index":0},{"value":0,"tweenMethod":"linearNone","tween":true,"target":741,"key":"rotation","index":30}],"alpha":[{"value":1,"tweenMethod":"linearNone","tween":true,"target":741,"key":"alpha","index":0},{"value":1,"tweenMethod":"linearNone","tween":true,"target":741,"key":"alpha","index":15}]}}],"name":"ani1","id":1,"frameRate":60,"action":0},{"nodes":[{"target":741,"keyframes":{"rotation":[{"value":0,"tweenMethod":"linearNone","tween":true,"target":741,"key":"rotation","index":0},{"value":90,"tweenMethod":"linearNone","tween":true,"target":741,"key":"rotation","index":30}]}}],"name":"ani2","id":2,"frameRate":60,"action":0}],"loadList":["DX/bj.png","DX/xia.png","DX/hua.png","resUI/img_main_color1.png","resUI/img_main_color2.png","resUI/img_main_color3.png","resUI/img_main_color4.png","resUI/img_main_color5.png","resUI/img_main_color6.png","resUI/img_main_color7.png","resUI/img_main_color8.png","resUI/img_main_color9.png","resUI/img_main_color10.png","resUI/img_main_color11.png","resUI/img_main_color12.png","resUI/img_main_xiangpi.png","DX/img_main_xuanzeyanse.png","resUI/img_main_xiangpi2.png","resUI/img_main_fangda.png","resUI/img_main_qingli.png","DX/anniu_wan.png","resUI/img_main_shifoudaibu.png","DX/icon/17.jpg","DX/qipao_1.png","DX/icon/ZDS.jpg","DX/qipao_2.png"],"loadList3D":[]}