{"type":"View","props":{"width":720,"top":0,"right":0,"left":0,"height":1280,"bottom":0},"compId":2,"child":[{"type":"Image","props":{"top":0,"skin":"main/BG.png","right":0,"left":0,"bottom":0},"compId":631},{"type":"Box","props":{"width":720,"height":1280,"centerY":0,"centerX":0},"compId":705,"child":[{"type":"Image","props":{"y":0,"x":0,"skin":"Active/BG.png"},"compId":706},{"type":"Image","props":{"y":57.5,"skin":"Active/biaoti.png","centerX":0},"compId":707},{"type":"Image","props":{"y":74,"x":65,"width":95,"var":"CloseBtn","skin":"main/anniu_xia.png","rotation":90,"name":"CloseBtn","height":95,"anchorY":0.5,"anchorX":0.5},"compId":730},{"type":"List","props":{"y":400,"x":45,"width":651,"var":"ActiveList","spaceY":50,"height":480},"compId":732,"child":[{"type":"Box","props":{"y":0,"x":0,"width":654,"renderType":"render","name":"Item","height":463},"compId":733,"child":[{"type":"Image","props":{"skin":"Active/kuang.png","name":"Bg","centerY":0,"centerX":0},"compId":734},{"type":"Box","props":{"y":22,"x":43,"width":129,"name":"IconParent","height":330},"compId":735,"child":[{"type":"Image","props":{"skin":"Active/taozhuang2.png","name":"IconAll","centerY":0,"centerX":0},"compId":736}]},{"type":"Box","props":{"y":69,"x":185,"width":404,"name":"ClothShow","height":262},"compId":737,"child":[{"type":"Image","props":{"top":0,"skin":"Active/daojukuang.png","name":"1","left":0},"compId":738,"child":[{"type":"Image","props":{"y":0,"x":0,"skin":"Cloth/ACC/20304.png"},"compId":739}]},{"type":"Image","props":{"top":0,"skin":"Active/daojukuang.png","name":"2","centerX":0},"compId":740,"child":[{"type":"Image","props":{"y":0,"x":0,"skin":"Cloth/ACC/20304.png"},"compId":741}]},{"type":"Image","props":{"y":0,"skin":"Active/daojukuang.png","name":"3","left":0,"bottom":0},"compId":742,"child":[{"type":"Image","props":{"y":0,"x":0,"skin":"Cloth/ACC/20304.png"},"compId":743}]},{"type":"Image","props":{"top":0,"skin":"Active/daojukuang.png","right":0,"name":"4"},"compId":744,"child":[{"type":"Image","props":{"skin":"Cloth/ACC/20304.png"},"compId":745}]},{"type":"Image","props":{"y":0,"skin":"Active/daojukuang.png","name":"5","centerX":0,"bottom":0},"compId":746,"child":[{"type":"Image","props":{"y":22.5,"x":12.5,"width":75,"skin":"Cloth/ACC/20304.png","height":55},"compId":747}]},{"type":"Image","props":{"x":274,"skin":"Active/daojukuang.png","right":0,"name":"6","bottom":0},"compId":748,"child":[{"type":"Image","props":{"skin":"Cloth/ACC/20304.png"},"compId":749}]}]},{"type":"Image","props":{"y":377,"x":429,"skin":"Active/kanshiping.png","sizeGrid":"0,0,0,0","name":"ADBtn"},"compId":750,"child":[{"type":"Label","props":{"y":12,"x":64,"width":80,"valign":"middle","text":"0/5","name":"TaskPre","height":43,"fontSize":40,"color":"#fd6892","bold":true,"align":"center"},"compId":751}]},{"type":"Image","props":{"y":392.5,"x":43,"skin":"Active/Pack2.png","name":"PackName"},"compId":753},{"type":"Script","props":{"runtime":"script/Game/UI/ClockEggItem.ts"},"compId":754}]}]}]}],"loadList":["main/BG.png","Active/BG.png","Active/biaoti.png","main/anniu_xia.png","Active/kuang.png","Active/taozhuang2.png","Active/daojukuang.png","Cloth/ACC/20304.png","Active/kanshiping.png","Active/Pack2.png"],"loadList3D":[]}