{"type":"View","props":{"width":720,"top":0,"right":0,"left":0,"height":1280,"bottom":0},"compId":2,"child":[{"type":"Image","props":{"top":-9,"skin":"main/zhezhao.png","right":0,"left":0,"bottom":0},"compId":3},{"type":"Box","props":{"width":720,"var":"DuiHuanBox","name":"DuiHuanBox","height":1280,"centerY":0,"centerX":0},"compId":4,"child":[{"type":"Image","props":{"y":341,"x":37,"skin":"main/kuang.png"},"compId":5},{"type":"Image","props":{"y":561,"x":75,"skin":"main/diban.png","name":"InputArea"},"compId":6,"child":[{"type":"Label","props":{"y":-1,"x":14,"width":526,"var":"InputText","valign":"middle","text":" 在此输入","name":"InputText","height":116,"fontSize":40,"font":"Microsoft YaHei","color":"#f198bc","bold":true,"align":"center"},"compId":8}]},{"type":"Image","props":{"y":823,"x":229.5,"skin":"main/queding.png","name":"SureBtn"},"compId":7}]},{"type":"Box","props":{"width":720,"var":"GetBox","name":"GetBox","height":1280,"centerY":0,"centerX":0},"compId":10,"child":[{"type":"Image","props":{"y":246,"x":346,"skin":"main/yincan.png"},"compId":12},{"type":"Image","props":{"y":274.5,"x":7,"var":"Guang","skin":"main/guang.png","name":"Guang"},"compId":13},{"type":"Image","props":{"y":960,"x":229,"skin":"main/anniu_kanship.png"},"compId":11},{"type":"Image","props":{"y":623,"x":360,"skin":"Cloth/Dress/40602.png","name":"Icon","anchorY":0.5,"anchorX":0.5},"compId":14},{"type":"Image","props":{"y":128,"x":168.5,"skin":"main/biaoti.png"},"compId":15}]}],"loadList":["main/zhezhao.png","main/kuang.png","main/diban.png","main/queding.png","main/yincan.png","main/guang.png","main/anniu_kanship.png","Cloth/Dress/40602.png","main/biaoti.png"],"loadList3D":[]}