{"type":"View","props":{"width":720,"top":0,"right":0,"positionVariance_0":100,"mouseThrough":true,"maxPartices":100,"left":0,"height":1280,"bottom":0},"compId":1,"child":[{"type":"Box","props":{"x":0,"width":720,"var":"TransCtrl","height":343,"bottom":0},"compId":67,"child":[{"type":"Box","props":{"y":-9,"x":0,"width":720,"var":"RatioGroup","height":64},"compId":47,"child":[{"type":"Box","props":{"y":0,"x":33,"width":149,"height":63},"compId":80,"child":[{"type":"Image","props":{"y":9,"x":13,"width":42,"skin":"common/ratio1.png","height":42},"compId":60},{"type":"Text","props":{"y":15,"x":55,"width":100,"valign":"middle","text":"Pos","height":35,"fontSize":30,"color":"#ffffff","align":"center","runtime":"laya.display.Text"},"compId":62}]},{"type":"Box","props":{"y":0,"x":214,"width":149,"height":63},"compId":81,"child":[{"type":"Image","props":{"y":9,"x":13,"width":42,"skin":"common/ratio1.png","height":42},"compId":82},{"type":"Text","props":{"y":15,"x":55,"width":100,"valign":"middle","text":"Rot","height":35,"fontSize":30,"color":"#ffffff","align":"center","runtime":"laya.display.Text"},"compId":83}]},{"type":"Box","props":{"y":1,"x":394,"width":149,"height":63},"compId":84,"child":[{"type":"Image","props":{"y":9,"x":13,"width":42,"skin":"common/ratio1.png","height":42},"compId":85},{"type":"Text","props":{"y":15,"x":55,"width":100,"valign":"middle","text":"Scale","height":35,"fontSize":30,"color":"#ffffff","align":"center","runtime":"laya.display.Text"},"compId":86}]}]},{"type":"HSlider","props":{"y":88,"x":47,"width":350,"var":"SldX","value":50,"skin":"common/hslider.png","showLabel":false,"height":32},"compId":94,"child":[{"type":"Text","props":{"y":-4,"x":350,"width":75,"valign":"middle","text":"text","name":"SldT","height":40,"fontSize":26,"color":"#ffffff","align":"center","runtime":"laya.display.Text"},"compId":95},{"type":"Text","props":{"y":-4,"x":-49,"width":49,"valign":"middle","text":"x:","height":40,"fontSize":30,"color":"#ffffff","align":"center","runtime":"laya.display.Text"},"compId":96},{"type":"Text","props":{"y":-5,"x":438,"width":112,"valign":"middle","text":"text","name":"Range","height":42,"fontSize":22,"color":"#ffffff","align":"center","runtime":"laya.display.Text"},"compId":109}]},{"type":"HSlider","props":{"y":191,"x":47,"width":350,"var":"SldY","value":50,"skin":"common/hslider.png","showLabel":false,"height":32},"compId":99,"child":[{"type":"Text","props":{"y":-4,"x":350,"width":75,"valign":"middle","text":"text","name":"SldT","height":40,"fontSize":26,"color":"#ffffff","align":"center","runtime":"laya.display.Text"},"compId":100},{"type":"Text","props":{"y":-4,"x":-49,"width":49,"valign":"middle","text":"y:","height":40,"fontSize":30,"color":"#ffffff","align":"center","runtime":"laya.display.Text"},"compId":101},{"type":"Text","props":{"y":-5,"x":438,"width":112,"valign":"middle","text":"text","name":"Range","height":42,"fontSize":22,"color":"#ffffff","align":"center","runtime":"laya.display.Text"},"compId":115}]},{"type":"HSlider","props":{"y":293,"x":47,"width":350,"var":"SldZ","value":50,"skin":"common/hslider.png","showLabel":false,"height":32},"compId":104,"child":[{"type":"Text","props":{"y":-4,"x":350,"width":75,"valign":"middle","text":"text","name":"SldT","height":40,"fontSize":26,"color":"#ffffff","align":"center","runtime":"laya.display.Text"},"compId":105},{"type":"Text","props":{"y":-4,"x":-49,"width":49,"valign":"middle","text":"z:","height":40,"fontSize":30,"color":"#ffffff","align":"center","runtime":"laya.display.Text"},"compId":106},{"type":"Text","props":{"y":-5,"x":438,"width":112,"valign":"middle","text":"text","name":"Range","height":42,"fontSize":22,"color":"#ffffff","align":"center","runtime":"laya.display.Text"},"compId":116}]},{"type":"TextInput","props":{"y":2.5,"x":593,"width":112,"var":"RangeInput","valign":"middle","type":"number","text":"000","skin":"common/textinput.png","height":43,"fontSize":24,"align":"center"},"compId":117}]},{"type":"Box","props":{"y":0,"x":0,"width":720,"var":"InputCtrl","height":102},"compId":68,"child":[{"type":"TextInput","props":{"y":18,"x":22,"width":522,"var":"InputCmd","text":"TextInput","skin":"common/textinput.png","height":64,"fontSize":30},"compId":69},{"type":"Button","props":{"y":50,"x":635,"width":136,"var":"BtnExecute","stateNum":1,"skin":"common/btn1.png","height":75,"anchorY":0.5,"anchorX":0.5},"compId":72}]},{"type":"Box","props":{"y":102,"x":0,"width":720,"var":"BtnCtrl","height":100},"compId":73,"child":[{"type":"Image","props":{"y":50,"x":92,"var":"Btn1","stateNum":1,"skin":"common/btn1.png","anchorY":0.5,"anchorX":0.5},"compId":74},{"type":"Image","props":{"y":49,"x":267,"var":"Btn2","stateNum":1,"skin":"common/btn1.png","anchorY":0.5,"anchorX":0.5},"compId":75},{"type":"Image","props":{"y":49,"x":443,"var":"Btn3","stateNum":1,"skin":"common/btn1.png","anchorY":0.5,"anchorX":0.5},"compId":76},{"type":"Image","props":{"y":50,"x":618,"var":"Btn4","stateNum":1,"skin":"common/btn1.png","anchorY":0.5,"anchorX":0.5},"compId":77}]},{"type":"Box","props":{"width":300,"var":"Always","right":0,"height":100,"bottom":0},"compId":119,"child":[{"type":"Image","props":{"y":36,"x":240,"width":60,"var":"BtnSwitch","stateNum":1,"skin":"common/white.png","height":64,"bottom":0,"sizeGrid":"20,20,20,20"},"compId":79},{"type":"Text","props":{"y":-27,"x":177,"width":109,"var":"VertionT","valign":"middle","text":"3.10_10","height":49,"fontSize":26,"font":"Arial","color":"#ff0400","bold":true,"align":"center","runtime":"laya.display.Text"},"compId":118}]}],"loadList":["common/ratio1.png","common/hslider.png","common/textinput.png","common/btn1.png","common/white.png"],"loadList3D":[]}