{"type":"Scene","props":{"width":720,"height":1280},"compId":2,"child":[{"type":"Box","props":{"y":0,"x":0},"compId":54,"child":[{"type":"Image","props":{"y":0,"x":0,"width":720,"skin":"穿搭达人/效果.png","height":1280,"alpha":0.5},"compId":3},{"type":"Image","props":{"y":280,"x":8,"skin":"穿搭达人/guang.png"},"compId":5},{"type":"Image","props":{"y":138,"x":171,"skin":"穿搭达人/biaoti.png","name":"Title"},"compId":6},{"type":"Box","props":{"zOrder":2,"width":636,"var":"FemaleRoot","scaleY":1,"scaleX":1,"name":"FemaleRoot","height":1130,"centerY":-121,"centerX":-148,"anchorY":0.3,"anchorX":0.5},"compId":31,"child":[{"type":"Image","props":{"zOrder":-8,"width":231,"skin":"Body/lian.png","name":"Body","height":806,"centerY":0,"centerX":13.8,"anchorY":0.5,"anchorX":0.5},"compId":32},{"type":"Image","props":{"zOrder":4,"var":"Hair","skin":"Cloth/Up/10102.png","name":"Hair","centerY":-315.1,"centerX":17.8,"anchorY":0.5,"anchorX":0.5},"compId":33},{"type":"Image","props":{"zOrder":3,"var":"Hair1","skin":"Cloth/Up/10102.png","name":"Hair1","centerY":-304.7,"centerX":91.3,"anchorY":0.5,"anchorX":0.5},"compId":34},{"type":"Image","props":{"zOrder":3,"var":"Ornament","skin":"Cloth/Up/10102.png","name":"Ornament","centerY":-336.4,"centerX":10.5,"anchorY":0.5,"anchorX":0.5},"compId":35},{"type":"Image","props":{"zOrder":4,"var":"Shirt","skin":"Cloth/Up/10102.png","name":"Shirt","centerY":-227.5,"centerX":7.000004,"anchorY":0.5,"anchorX":0.5},"compId":36},{"type":"Image","props":{"zOrder":4,"var":"Shirt1","skin":"Cloth/Up/10102.png","name":"Shirt1","centerY":-105.5,"centerX":15.1,"anchorY":0.5,"anchorX":0.5},"compId":37},{"type":"Image","props":{"zOrder":3,"var":"Trousers","skin":"Cloth/Up/10102.png","name":"Trousers","centerY":-53,"centerX":7,"anchorY":0.5,"anchorX":0.5},"compId":38},{"type":"Image","props":{"zOrder":3,"var":"Trousers1","skin":"Cloth/Up/10102.png","name":"Trousers1","centerY":-39.7,"centerX":74.3,"anchorY":0.5,"anchorX":0.5},"compId":39},{"type":"Image","props":{"zOrder":3,"var":"Dress","skin":"Cloth/Up/10102.png","name":"Dress","centerY":-110.4,"centerX":-2.5,"anchorY":0.5,"anchorX":0.5},"compId":40},{"type":"Image","props":{"zOrder":3,"var":"Socks","skin":"Cloth/Up/10102.png","name":"Socks","centerY":225,"centerX":21.9,"anchorY":0.5,"anchorX":0.5},"compId":41},{"type":"Image","props":{"zOrder":3,"var":"Dress1","skin":"Cloth/Up/10102.png","name":"Dress1","centerY":-105.5,"centerX":57,"anchorY":0.5,"anchorX":0.5},"compId":42},{"type":"Image","props":{"zOrder":0,"var":"Ornament1","skin":"Cloth/Up/10102.png","name":"Ornament1","centerY":-6.103516,"centerX":3.051758,"anchorY":0.5,"anchorX":0.5},"compId":43},{"type":"Image","props":{"zOrder":3,"var":"Shose","skin":"Cloth/Up/10102.png","name":"Shose","centerY":340,"centerX":21.39998,"anchorY":0.5,"anchorX":0.5},"compId":44},{"type":"Image","props":{"zOrder":0,"var":"Socks1","skin":"Cloth/Up/10102.png","name":"Socks1","centerY":-6.103516,"centerX":3.051758,"anchorY":0.5,"anchorX":0.5},"compId":45},{"type":"Image","props":{"zOrder":3,"var":"Shose1","skin":"Cloth/Up/10102.png","name":"Shose1","centerY":374.1,"centerX":30.9,"anchorY":0.5,"anchorX":0.5},"compId":46},{"type":"Image","props":{"zOrder":4,"var":"Coat","skin":"Cloth/Up/10102.png","name":"Coat","centerY":-231.7,"centerX":21.4,"anchorY":0.5,"anchorX":0.5},"compId":47},{"type":"Image","props":{"zOrder":0,"var":"Coat1","skin":"Cloth/Up/10102.png","name":"Coat1","centerY":-166,"centerX":9.800001,"anchorY":0.5,"anchorX":0.5},"compId":48},{"type":"Script","props":{"runtime":"script/Game/PhotosChange.ts"},"compId":52}]},{"type":"Image","props":{"y":1105,"x":239,"skin":"穿搭达人/anniu_xiu.png","name":"ShowBtn"},"compId":7}]}],"loadList":["穿搭达人/效果.png","穿搭达人/guang.png","穿搭达人/biaoti.png","Body/lian.png","Cloth/Up/10102.png","穿搭达人/anniu_xiu.png"],"loadList3D":[]}