{"type":"View","props":{"y":0,"x":0,"width":720,"top":0,"right":0,"left":0,"height":1280,"bottom":0},"compId":2,"child":[{"type":"Image","props":{"top":0,"skin":"main/BG.png","right":0,"left":0,"bottom":0},"compId":849},{"type":"Box","props":{"var":"Gaming","top":0,"right":0,"left":0,"bottom":0},"compId":72,"child":[{"type":"Box","props":{"var":"UIBox","top":0,"right":0,"left":0,"bottom":0},"compId":689,"child":[{"type":"Box","props":{"var":"SliderBox","top":0,"right":0,"left":0,"bottom":0},"compId":690},{"type":"Image","props":{"visible":true,"var":"DrawingBG","top":0,"skin":"main/BG.png","right":0,"left":1,"bottom":0},"compId":720},{"type":"Box","props":{"y":400,"width":720,"var":"Board","height":880,"centerX":-1,"alpha":1},"compId":691,"child":[{"type":"Image","props":{"y":125,"x":0,"width":720,"skin":"main/di.png","sizeGrid":"146,0,0,0","height":755},"compId":692},{"type":"Image","props":{"y":247,"x":251,"var":"tuxing","skin":"DX/huafushi/ren.png"},"compId":693},{"type":"Image","props":{"y":138,"x":436,"skin":"DX/huafushi/6.png","name":"imgColor1"},"compId":694},{"type":"Image","props":{"y":138,"x":186,"skin":"DX/huafushi/3.png","name":"imgColor2"},"compId":695},{"type":"Image","props":{"y":138,"x":23,"skin":"DX/huafushi/1.png","name":"imgColor3"},"compId":696},{"type":"Image","props":{"y":137,"x":356,"skin":"DX/huafushi/4.png","name":"imgColor4"},"compId":697},{"type":"Image","props":{"y":138,"x":103,"skin":"DX/huafushi/2.png","name":"imgColor5"},"compId":699},{"type":"Image","props":{"y":137,"x":273,"skin":"DX/huafushi/5.png","name":"imgColor6"},"compId":700},{"type":"Image","props":{"y":137,"x":523,"skin":"DX/huafushi/7.png","name":"imgColor7"},"compId":701},{"type":"Image","props":{"y":142.5,"x":613,"var":"imgRubber","skin":"DX/huafushi/xiangpi.png"},"compId":706},{"type":"Image","props":{"y":155,"x":639,"var":"imgGou","skin":"DX/img_main_xuanzeyanse.png"},"compId":707},{"type":"Box","props":{"y":224,"x":2,"width":717,"var":"DrawBox","height":649},"compId":709},{"type":"Button","props":{"y":59,"x":14,"var":"btnClear","stateNum":1,"skin":"DX/shuaxing.png"},"compId":711},{"type":"Button","props":{"y":64.5,"x":608.5,"width":223,"var":"btnNext","stateNum":1,"skin":"RankList/di.png","scaleY":0.5,"scaleX":0.5,"labelSize":40,"labelFont":"Microsoft YaHei","labelBold":true,"label":"确定","height":108},"compId":712},{"type":"Image","props":{"y":138,"x":23,"var":"Colorfen","skin":"DX/huafushi/1.png","name":"Colorfen"},"compId":852,"child":[{"type":"Image","props":{"y":39,"x":24,"skin":"DX/shipin.png"},"compId":853}]},{"type":"Image","props":{"y":137,"x":356,"var":"Colorlan","skin":"DX/huafushi/4.png","name":"Colorlan"},"compId":854,"child":[{"type":"Image","props":{"y":39,"x":24,"skin":"DX/shipin.png"},"compId":855}]}]},{"type":"Image","props":{"y":68,"x":55,"skin":"DX/huafushi/biaoti.png"},"compId":795},{"type":"Image","props":{"y":263,"x":1,"var":"tishiaw","skin":"DX/huafushi/tishi.png"},"compId":796},{"type":"Image","props":{"y":46,"x":46,"visible":false,"var":"BackBtn","skin":"main/anniu_xia.png","rotation":90,"name":"BackBtn","anchorY":0.5,"anchorX":0.5},"compId":840}]}]},{"type":"Box","props":{"width":720,"visible":false,"var":"GetBox","name":"GetBox","height":1280,"centerY":0,"centerX":0},"compId":841,"child":[{"type":"Image","props":{"top":0,"skin":"PK/heidi.png","right":0,"left":0,"bottom":0},"compId":850},{"type":"Image","props":{"y":246,"x":346,"skin":"main/yincan.png"},"compId":842},{"type":"Image","props":{"y":634,"x":363,"var":"Guang","skin":"main/guang.png","name":"Guang","anchorY":0.5,"anchorX":0.5},"compId":843},{"type":"Image","props":{"y":960,"x":229,"var":"ADBtn","skin":"main/anniu_kanship.png","name":"ADBtn"},"compId":844},{"type":"Image","props":{"y":623,"x":360,"skin":"Cloth/Dress/40602.png","name":"Icon","anchorY":0.5,"anchorX":0.5},"compId":845},{"type":"Image","props":{"y":128,"x":168.5,"skin":"main/biaoti.png"},"compId":846},{"type":"Image","props":{"y":36,"x":616,"visible":false,"var":"CloseBtn","skin":"sign/X.png","name":"CloseBtn"},"compId":847},{"type":"Image","props":{"y":965,"x":229,"visible":false,"skin":"PK/anniu_fenxaing.png","name":"ShareBtn"},"compId":848}]}],"animations":[{"nodes":[{"target":827,"keyframes":{"x":[{"value":345,"tweenMethod":"linearNone","tween":true,"target":827,"key":"x","index":0}],"scaleY":[{"value":1,"tweenMethod":"linearNone","tween":true,"target":827,"key":"scaleY","index":0},{"value":1.1,"tweenMethod":"linearNone","tween":true,"target":827,"key":"scaleY","index":5},{"value":1,"tweenMethod":"linearNone","tween":true,"target":827,"key":"scaleY","index":10},{"value":1.1,"tweenMethod":"linearNone","tween":true,"target":827,"key":"scaleY","index":15},{"value":1,"tweenMethod":"linearNone","tween":true,"target":827,"key":"scaleY","index":20}],"scaleX":[{"value":1,"tweenMethod":"linearNone","tween":true,"target":827,"key":"scaleX","index":0},{"value":1.1,"tweenMethod":"linearNone","tween":true,"target":827,"key":"scaleX","index":5},{"value":1,"tweenMethod":"linearNone","tween":true,"target":827,"key":"scaleX","index":10},{"value":1.1,"tweenMethod":"linearNone","tween":true,"target":827,"key":"scaleX","index":15},{"value":1,"tweenMethod":"linearNone","tween":true,"target":827,"key":"scaleX","index":20}],"alpha":[{"value":1,"tweenMethod":"linearNone","tween":true,"target":827,"key":"alpha","index":0},{"value":0,"tweenMethod":"linearNone","tween":true,"target":827,"key":"alpha","index":2},{"value":1,"tweenMethod":"linearNone","tween":true,"target":827,"key":"alpha","index":4},{"value":0,"tweenMethod":"linearNone","tween":true,"target":827,"key":"alpha","index":6},{"value":1,"tweenMethod":"linearNone","tween":true,"target":827,"key":"alpha","index":8},{"value":0,"tweenMethod":"linearNone","tween":true,"target":827,"key":"alpha","index":10},{"value":1,"tweenMethod":"linearNone","tween":true,"target":827,"key":"alpha","index":12},{"value":0,"tweenMethod":"linearNone","tween":true,"target":827,"key":"alpha","index":14},{"value":1,"tweenMethod":"linearNone","tween":true,"target":827,"key":"alpha","index":16},{"value":0,"tweenMethod":"linearNone","tween":true,"target":827,"key":"alpha","index":18},{"value":1,"tweenMethod":"linearNone","tween":true,"target":827,"key":"alpha","index":20}]}},{"target":819,"keyframes":{"x":[{"value":354,"tweenMethod":"linearNone","tween":true,"target":819,"key":"x","index":0}],"scaleY":[{"value":1,"tweenMethod":"linearNone","tween":true,"target":819,"key":"scaleY","index":0},{"value":1.1,"tweenMethod":"linearNone","tween":true,"target":819,"key":"scaleY","index":5},{"value":1,"tweenMethod":"linearNone","tween":true,"target":819,"key":"scaleY","index":10},{"value":1.1,"tweenMethod":"linearNone","tween":true,"target":819,"key":"scaleY","index":15},{"value":1,"tweenMethod":"linearNone","tween":true,"target":819,"key":"scaleY","index":20}],"scaleX":[{"value":1,"tweenMethod":"linearNone","tween":true,"target":819,"key":"scaleX","index":0},{"value":1.1,"tweenMethod":"linearNone","tween":true,"target":819,"key":"scaleX","index":5},{"value":1,"tweenMethod":"linearNone","tween":true,"target":819,"key":"scaleX","index":10},{"value":1.1,"tweenMethod":"linearNone","tween":true,"target":819,"key":"scaleX","index":15},{"value":1,"tweenMethod":"linearNone","tween":true,"target":819,"key":"scaleX","index":20}]}}],"name":"ani1","id":1,"frameRate":60,"action":2},{"nodes":[{"target":838,"keyframes":{"x":[{"value":345,"tweenMethod":"linearNone","tween":true,"target":838,"key":"x","index":0}],"scaleY":[{"value":1,"tweenMethod":"linearNone","tween":true,"target":838,"key":"scaleY","index":0},{"value":1.1,"tweenMethod":"linearNone","tween":true,"target":838,"key":"scaleY","index":5},{"value":1,"tweenMethod":"linearNone","tween":true,"target":838,"key":"scaleY","index":10},{"value":1.1,"tweenMethod":"linearNone","tween":true,"target":838,"key":"scaleY","index":15},{"value":1,"tweenMethod":"linearNone","tween":true,"target":838,"key":"scaleY","index":20}],"scaleX":[{"value":1,"tweenMethod":"linearNone","tween":true,"target":838,"key":"scaleX","index":0},{"value":1.1,"tweenMethod":"linearNone","tween":true,"target":838,"key":"scaleX","index":5},{"value":1,"tweenMethod":"linearNone","tween":true,"target":838,"key":"scaleX","index":10},{"value":1.1,"tweenMethod":"linearNone","tween":true,"target":838,"key":"scaleX","index":15},{"value":1,"tweenMethod":"linearNone","tween":true,"target":838,"key":"scaleX","index":20}],"alpha":[{"value":1,"tweenMethod":"linearNone","tween":true,"target":838,"key":"alpha","index":0},{"value":0,"tweenMethod":"linearNone","tween":true,"target":838,"key":"alpha","index":2},{"value":1,"tweenMethod":"linearNone","tween":true,"target":838,"key":"alpha","index":4},{"value":0,"tweenMethod":"linearNone","tween":true,"target":838,"key":"alpha","index":7},{"value":1,"tweenMethod":"linearNone","tween":true,"target":838,"key":"alpha","index":9},{"value":0,"tweenMethod":"linearNone","tween":true,"target":838,"key":"alpha","index":12},{"value":1,"tweenMethod":"linearNone","tween":true,"target":838,"key":"alpha","index":14},{"value":0,"tweenMethod":"linearNone","tween":true,"target":838,"key":"alpha","index":17},{"value":1,"tweenMethod":"linearNone","tween":true,"target":838,"key":"alpha","index":20}]}}],"name":"ani2","id":2,"frameRate":60,"action":2},{"nodes":[],"name":"ani3","id":3,"frameRate":24,"action":0}],"loadList":["main/BG.png","main/di.png","DX/huafushi/ren.png","DX/huafushi/6.png","DX/huafushi/3.png","DX/huafushi/1.png","DX/huafushi/4.png","DX/huafushi/2.png","DX/huafushi/5.png","DX/huafushi/7.png","DX/huafushi/xiangpi.png","DX/img_main_xuanzeyanse.png","DX/shuaxing.png","RankList/di.png","DX/shipin.png","DX/huafushi/biaoti.png","DX/huafushi/tishi.png","main/anniu_xia.png","PK/heidi.png","main/yincan.png","main/guang.png","main/anniu_kanship.png","Cloth/Dress/40602.png","main/biaoti.png","sign/X.png","PK/anniu_fenxaing.png"],"loadList3D":[]}