{"type":"Scene","props":{"width":720,"height":1280},"compId":2,"child":[{"type":"Image","props":{"top":0,"skin":"main/BG.png","right":0,"left":0,"bottom":0,"alpha":1},"compId":3},{"type":"Box","props":{"y":0,"x":0},"compId":8,"child":[{"type":"Image","props":{"skin":"Egg1/效果.png","name":"BG","alpha":1},"compId":9},{"type":"Image","props":{"y":1132,"x":389,"skin":"Egg1/anniu_shi.png","name":"YesBtn"},"compId":11},{"type":"Image","props":{"y":1132,"x":89,"skin":"Egg1/anniu_fou.png","name":"NoBtn"},"compId":12},{"type":"Image","props":{"y":81,"x":114,"skin":"Egg1/biaoti.png","name":"Title"},"compId":13},{"type":"Image","props":{"y":1041,"x":173,"skin":"Egg1/txt_shifou.png"},"compId":14},{"type":"Image","props":{"y":1084,"x":238,"skin":"Egg1/tiao2.png","name":"first"},"compId":15},{"type":"Image","props":{"y":1084,"x":332,"skin":"Egg1/tiao2.png","name":"second"},"compId":17},{"type":"Image","props":{"y":1084,"x":424,"skin":"Egg1/tiao1.png","name":"third"},"compId":20}]}],"loadList":["main/BG.png","Egg1/效果.png","Egg1/anniu_shi.png","Egg1/anniu_fou.png","Egg1/biaoti.png","Egg1/txt_shifou.png","Egg1/tiao2.png","Egg1/tiao1.png"],"loadList3D":[]}