{"type":"View","props":{"width":720,"top":0,"right":0,"left":0,"height":1280,"bottom":0},"compId":2,"child":[{"type":"Image","props":{"y":264.5,"x":115,"skin":"Cooking/skin/9.png","name":"skin1"},"compId":38},{"type":"Image","props":{"y":252,"x":434,"skin":"Cooking/skin/4.png","name":"skin2"},"compId":39},{"type":"Image","props":{"y":580,"x":112.5,"width":159,"skin":"button/tongyong.png","name":"AD1","height":69},"compId":40,"child":[{"type":"Image","props":{"y":16,"x":59,"skin":"logo/asd.png"},"compId":41},{"type":"Image","props":{"y":20.5,"x":16,"width":32,"skin":"12.png","height":28},"compId":42}]},{"type":"Image","props":{"y":580,"x":435,"width":159,"skin":"button/tongyong.png","name":"AD2","height":69},"compId":49,"child":[{"type":"Image","props":{"y":16,"x":59,"skin":"logo/asd.png"},"compId":50},{"type":"Image","props":{"y":20.5,"x":16,"width":32,"skin":"12.png","height":28},"compId":51}]},{"type":"Image","props":{"y":830,"x":281,"width":159,"skin":"uiready/ad.png","name":"AD2","height":69},"compId":43,"child":[{"type":"Label","props":{"y":16,"x":58,"width":88,"valign":"middle","text":"随机试用","height":31,"fontSize":20,"color":"#ffffff","bold":true,"align":"center"},"compId":52}]},{"type":"Image","props":{"y":1140,"x":0,"width":719,"skin":"common/white.png","name":"Banner","height":140,"sizeGrid":"20,20,20,20"},"compId":53,"child":[{"type":"Label","props":{"valign":"middle","top":0,"text":"横幅广告","right":0,"left":0,"fontSize":51,"color":"#000000","bottom":0,"align":"center"},"compId":54}]}],"loadList":["Cooking/skin/9.png","Cooking/skin/4.png","button/tongyong.png","logo/asd.png","12.png","uiready/ad.png","common/white.png"],"loadList3D":[]}