{"type":"View","props":{"width":720,"top":0,"right":0,"left":0,"height":1280,"bottom":0},"compId":2,"child":[{"type":"Image","props":{"top":0,"skin":"PK/heidi.png","right":0,"left":0,"bottom":0},"compId":3},{"type":"Box","props":{"width":720,"height":1280,"centerY":0,"centerX":0},"compId":5,"child":[{"type":"Image","props":{"y":246,"x":346,"skin":"main/yincan.png"},"compId":8},{"type":"Image","props":{"y":634,"x":363,"var":"Guang","skin":"main/guang.png","name":"Guang","anchorY":0.5,"anchorX":0.5},"compId":9},{"type":"Image","props":{"y":960,"x":229,"var":"ADBtn","skin":"main/anniu_kanship.png","name":"ADBtn"},"compId":10},{"type":"Image","props":{"y":623,"x":360,"var":"Icon","skin":"Cloth/Dress/40602.png","name":"Icon","anchorY":0.5,"anchorX":0.5},"compId":11},{"type":"Image","props":{"y":128,"x":169,"skin":"main/biaoti.png"},"compId":12},{"type":"Image","props":{"y":36,"x":616,"visible":false,"var":"CloseBtn","skin":"sign/X.png","name":"CloseBtn"},"compId":13},{"type":"Image","props":{"y":965,"x":229,"visible":false,"var":"ShareBtn","skin":"PK/anniu_fenxaing.png","name":"ShareBtn"},"compId":14}]}],"loadList":["PK/heidi.png","main/yincan.png","main/guang.png","main/anniu_kanship.png","Cloth/Dress/40602.png","main/biaoti.png","sign/X.png","PK/anniu_fenxaing.png"],"loadList3D":[]}