{"type":"View","props":{"width":720,"top":0,"right":0,"left":0,"height":1280,"bottom":0},"compId":2,"child":[{"type":"Image","props":{"top":0,"skin":"PK/heidi.png","right":0,"left":0,"bottom":0},"compId":3},{"type":"Box","props":{"width":720,"height":1280,"centerY":0,"centerX":0},"compId":4,"child":[{"type":"Image","props":{"y":324,"x":36,"width":651,"skin":"main/kuang.png","sizeGrid":"171,0,0,0","height":580},"compId":6,"child":[{"type":"Image","props":{"y":0,"x":80.5,"skin":"main/biaoti1.png"},"compId":7},{"type":"Label","props":{"y":183,"x":46,"wordWrap":true,"width":559,"var":"TextArea","valign":"middle","padding":"10,10,5,20","overflow":"hidden","name":"TextArea","leading":10,"italic":false,"height":350,"fontSize":30,"font":"Microsoft YaHei","color":"#ff94ae","bold":true,"align":"left"},"compId":8}]},{"type":"Image","props":{"y":338,"x":630,"var":"CloseBtn","skin":"sign/X.png","name":"CloseBtn"},"compId":9}]}],"loadList":["PK/heidi.png","main/kuang.png","main/biaoti1.png","sign/X.png"],"loadList3D":[]}