{"type":"View","props":{"width":720,"top":0,"right":0,"left":0,"height":1280,"bottom":0},"compId":2,"child":[{"type":"Image","props":{"top":0,"skin":"common/mask.png","right":0,"name":"Bg","left":0,"bottom":0,"sizeGrid":"10,10,10,10"},"compId":631,"child":[{"type":"Image","props":{"var":"TweenskewY","skin":"Photos/di.png","skewY":0,"left":0,"centerY":28},"compId":664,"child":[{"type":"Image","props":{"y":172,"x":107,"skin":"Photos/tupiandi.png","name":"PhotosBg"},"compId":667,"child":[{"type":"Image","props":{"y":2,"x":0,"skin":"Photos/tupiankuang.png","name":"OutLine"},"compId":665},{"type":"Box","props":{"y":49,"x":10,"width":720,"scaleY":0.55,"scaleX":0.55,"height":1280},"compId":689,"child":[{"type":"Box","props":{"zOrder":2,"width":636,"var":"FemaleRoot","scaleY":1,"scaleX":1,"name":"FemaleRoot","height":1130,"centerY":-128,"centerX":-13,"anchorY":0.3,"anchorX":0.5},"compId":669,"child":[{"type":"Image","props":{"zOrder":-8,"width":231,"skin":"Body/lian.png","name":"Body","height":806,"centerY":0,"centerX":13.8,"anchorY":0.5,"anchorX":0.5},"compId":670},{"type":"Image","props":{"zOrder":4,"var":"Hair","skin":"Cloth/Up/10102.png","name":"Hair","centerY":-315.1,"centerX":17.8,"anchorY":0.5,"anchorX":0.5},"compId":671},{"type":"Image","props":{"zOrder":3,"var":"Hair1","skin":"Cloth/Up/10102.png","name":"Hair1","centerY":-304.7,"centerX":91.3,"anchorY":0.5,"anchorX":0.5},"compId":672},{"type":"Image","props":{"zOrder":3,"var":"Ornament","skin":"Cloth/Up/10102.png","name":"Ornament","centerY":-336.4,"centerX":10.5,"anchorY":0.5,"anchorX":0.5},"compId":673},{"type":"Image","props":{"zOrder":4,"var":"Shirt","skin":"Cloth/Up/10102.png","name":"Shirt","centerY":-227.5,"centerX":7.000004,"anchorY":0.5,"anchorX":0.5},"compId":674},{"type":"Image","props":{"zOrder":4,"var":"Shirt1","skin":"Cloth/Up/10102.png","name":"Shirt1","centerY":-105.5,"centerX":15.1,"anchorY":0.5,"anchorX":0.5},"compId":675},{"type":"Image","props":{"zOrder":3,"var":"Trousers","skin":"Cloth/Up/10102.png","name":"Trousers","centerY":-53,"centerX":7,"anchorY":0.5,"anchorX":0.5},"compId":676},{"type":"Image","props":{"zOrder":3,"var":"Trousers1","skin":"Cloth/Up/10102.png","name":"Trousers1","centerY":-39.7,"centerX":74.3,"anchorY":0.5,"anchorX":0.5},"compId":677},{"type":"Image","props":{"zOrder":3,"var":"Dress","skin":"Cloth/Up/10102.png","name":"Dress","centerY":-110.4,"centerX":-2.5,"anchorY":0.5,"anchorX":0.5},"compId":678},{"type":"Image","props":{"zOrder":3,"var":"Socks","skin":"Cloth/Up/10102.png","name":"Socks","centerY":225,"centerX":21.9,"anchorY":0.5,"anchorX":0.5},"compId":679},{"type":"Image","props":{"zOrder":3,"var":"Dress1","skin":"Cloth/Up/10102.png","name":"Dress1","centerY":-105.5,"centerX":57,"anchorY":0.5,"anchorX":0.5},"compId":680},{"type":"Image","props":{"zOrder":0,"var":"Ornament1","skin":"Cloth/Up/10102.png","name":"Ornament1","centerY":-6.103516,"centerX":3.051758,"anchorY":0.5,"anchorX":0.5},"compId":681},{"type":"Image","props":{"zOrder":3,"var":"Shose","skin":"Cloth/Up/10102.png","name":"Shose","centerY":340,"centerX":21.39998,"anchorY":0.5,"anchorX":0.5},"compId":682},{"type":"Image","props":{"zOrder":0,"var":"Socks1","skin":"Cloth/Up/10102.png","name":"Socks1","centerY":-6.103516,"centerX":3.051758,"anchorY":0.5,"anchorX":0.5},"compId":683},{"type":"Image","props":{"zOrder":3,"var":"Shose1","skin":"Cloth/Up/10102.png","name":"Shose1","centerY":374.1,"centerX":30.9,"anchorY":0.5,"anchorX":0.5},"compId":684},{"type":"Image","props":{"zOrder":4,"var":"Coat","skin":"Cloth/Up/10102.png","name":"Coat","centerY":-231.7,"centerX":21.4,"anchorY":0.5,"anchorX":0.5},"compId":685},{"type":"Image","props":{"zOrder":0,"var":"Coat1","skin":"Cloth/Up/10102.png","name":"Coat1","centerY":-166,"centerX":9.800001,"anchorY":0.5,"anchorX":0.5},"compId":686},{"type":"Image","props":{"zOrder":-10,"var":"Shadow","skin":"Body/yinying.png","name":"Shadow","centerY":382,"centerX":24},"compId":687},{"type":"Image","props":{"zOrder":10,"width":573,"skin":"main/BG.png","name":"nophoto","height":1018,"centerY":0,"centerX":0},"compId":695,"child":[{"type":"Label","props":{"width":523,"valign":"middle","text":"暂无照片","height":231,"fontSize":100,"color":"#ffffff","centerY":0,"centerX":0,"bold":true,"align":"center"},"compId":697}]},{"type":"Script","props":{"runtime":"script/Game/PhotosChange.ts"},"compId":694}]}]},{"type":"Image","props":{"var":"ChangeLeft","skin":"Photos/zuo.png","name":"ChangeLeft","left":-85,"centerY":-9},"compId":690},{"type":"Image","props":{"var":"ChangeRight","skin":"Photos/you.png","right":-87,"name":"ChangeRight","centerY":-9},"compId":691},{"type":"Image","props":{"y":-127,"skin":"Photos/biaoti.png","name":"Title","centerX":-4},"compId":693}]},{"type":"Image","props":{"y":65,"x":53,"width":92,"var":"BackHome","skin":"main/anniu_xia.png","rotation":90,"height":92,"anchorY":0.5,"anchorX":0.5},"compId":692}]}]}],"loadList":["common/mask.png","Photos/di.png","Photos/tupiandi.png","Photos/tupiankuang.png","Body/lian.png","Cloth/Up/10102.png","Body/yinying.png","main/BG.png","Photos/zuo.png","Photos/you.png","Photos/biaoti.png","main/anniu_xia.png"],"loadList3D":[]}