{"type":"View","props":{"width":720,"top":0,"right":0,"left":0,"height":1280,"bottom":0},"compId":2,"child":[{"type":"Image","props":{"top":0,"skin":"PK/bj.png","right":0,"left":0,"bottom":0},"compId":3},{"type":"Box","props":{"width":720,"height":1280,"centerY":0,"centerX":0},"compId":93,"child":[{"type":"Image","props":{"y":1046,"x":31,"skin":"PK/wutai2.png"},"compId":71},{"type":"Image","props":{"y":1046,"x":386,"skin":"PK/wutai2.png"},"compId":72},{"type":"Image","props":{"y":73,"x":65,"visible":false,"var":"BackBtn","skin":"main/anniu_shang.png","rotation":-90,"name":"BackBtn","anchorY":0.5,"anchorX":0.5},"compId":50}]},{"type":"Box","props":{"width":720,"height":1280,"centerY":0,"centerX":0},"compId":5,"child":[{"type":"Box","props":{"width":636,"var":"FemaleRoot","scaleY":1,"scaleX":1,"name":"FemaleRoot","height":1130,"centerY":39,"centerX":492,"anchorY":0.5,"anchorX":0.5},"compId":6,"child":[{"type":"Image","props":{"zOrder":-8,"width":231,"skin":"Body/lian.png","name":"Body","height":806,"centerY":0,"centerX":13.8,"anchorY":0.5,"anchorX":0.5},"compId":7},{"type":"Image","props":{"zOrder":4,"var":"Hair","skin":"Cloth/Hair/40401.png","name":"Hair","centerY":-356,"centerX":27,"anchorY":0.5,"anchorX":0.5},"compId":8},{"type":"Image","props":{"zOrder":3,"var":"Hair1","skin":"Cloth/Up/10102.png","name":"Hair1","centerY":-304.7,"centerX":91.3,"anchorY":0.5,"anchorX":0.5},"compId":9},{"type":"Image","props":{"zOrder":3,"var":"Ornament","skin":"Cloth/Up/10102.png","name":"Ornament","centerY":-336.4,"centerX":10.5,"anchorY":0.5,"anchorX":0.5},"compId":10},{"type":"Image","props":{"zOrder":4,"var":"Shirt","skin":"Cloth/Up/10102.png","name":"Shirt","centerY":-227.5,"centerX":7.000004,"anchorY":0.5,"anchorX":0.5},"compId":11},{"type":"Image","props":{"zOrder":4,"var":"Shirt1","skin":"Cloth/Up/10102.png","name":"Shirt1","centerY":-105.5,"centerX":15.1,"anchorY":0.5,"anchorX":0.5},"compId":12},{"type":"Image","props":{"zOrder":3,"var":"Trousers","skin":"Cloth/Up/10102.png","name":"Trousers","centerY":-53,"centerX":7,"anchorY":0.5,"anchorX":0.5},"compId":13},{"type":"Image","props":{"zOrder":3,"var":"Trousers1","skin":"Cloth/Up/10102.png","name":"Trousers1","centerY":-39.7,"centerX":74.3,"anchorY":0.5,"anchorX":0.5},"compId":14},{"type":"Image","props":{"zOrder":3,"var":"Dress","skin":"Cloth/Dress/40402_1.png","name":"Dress","centerY":-101,"centerX":14,"anchorY":0.5,"anchorX":0.5},"compId":15},{"type":"Image","props":{"zOrder":3,"var":"Socks","skin":"Cloth/Up/10102.png","name":"Socks","centerY":225,"centerX":21.9,"anchorY":0.5,"anchorX":0.5},"compId":16},{"type":"Image","props":{"zOrder":3,"var":"Dress1","skin":"Cloth/Up/10102.png","name":"Dress1","centerY":-105.5,"centerX":57,"anchorY":0.5,"anchorX":0.5},"compId":17},{"type":"Image","props":{"zOrder":0,"var":"Ornament1","skin":"Cloth/Up/10102.png","name":"Ornament1","centerY":-6.103516,"centerX":3.051758,"anchorY":0.5,"anchorX":0.5},"compId":18},{"type":"Image","props":{"zOrder":3,"var":"Shose","skin":"Cloth/Shoes/40403.png","name":"Shose","centerY":358,"centerX":24,"anchorY":0.5,"anchorX":0.5},"compId":19},{"type":"Image","props":{"zOrder":0,"var":"Socks1","skin":"Cloth/Up/10102.png","name":"Socks1","centerY":-6.103516,"centerX":3.051758,"anchorY":0.5,"anchorX":0.5},"compId":20},{"type":"Image","props":{"zOrder":3,"var":"Shose1","skin":"Cloth/Up/10102.png","name":"Shose1","centerY":374.1,"centerX":30.9,"anchorY":0.5,"anchorX":0.5},"compId":21},{"type":"Image","props":{"zOrder":4,"var":"Coat","skin":"Cloth/Up/10102.png","name":"Coat","centerY":-231.7,"centerX":21.4,"anchorY":0.5,"anchorX":0.5},"compId":22},{"type":"Image","props":{"zOrder":0,"var":"Coat1","skin":"Cloth/Up/10102.png","name":"Coat1","centerY":-166,"centerX":9.800001,"anchorY":0.5,"anchorX":0.5},"compId":23},{"type":"Script","props":{"y":151,"x":312,"runtime":"script/Game/PickClothChange.ts"},"compId":56}]},{"type":"Box","props":{"width":636,"var":"FemaleRoot1","scaleY":1,"scaleX":-1,"rotation":0,"name":"FemaleRoot1","height":1130,"centerY":39,"centerX":-484,"anchorY":0.5,"anchorX":0.5},"compId":28,"child":[{"type":"Image","props":{"zOrder":-8,"width":231,"skin":"Body/lian.png","name":"Body","height":806,"centerY":0,"centerX":13.8,"anchorY":0.5,"anchorX":0.5},"compId":29},{"type":"Image","props":{"zOrder":4,"skin":"Cloth/Hair/40401.png","name":"Hair","centerY":-356,"centerX":27,"anchorY":0.5,"anchorX":0.5},"compId":30},{"type":"Image","props":{"zOrder":3,"skin":"Cloth/Up/10102.png","name":"Hair1","centerY":-304.7,"centerX":91.3,"anchorY":0.5,"anchorX":0.5},"compId":31},{"type":"Image","props":{"zOrder":3,"skin":"Cloth/Up/10102.png","name":"Ornament","centerY":-336.4,"centerX":10.5,"anchorY":0.5,"anchorX":0.5},"compId":32},{"type":"Image","props":{"zOrder":4,"skin":"Cloth/Up/10102.png","name":"Shirt","centerY":-227.5,"centerX":7.000004,"anchorY":0.5,"anchorX":0.5},"compId":33},{"type":"Image","props":{"zOrder":4,"skin":"Cloth/Up/10102.png","name":"Shirt1","centerY":-105.5,"centerX":15.1,"anchorY":0.5,"anchorX":0.5},"compId":34},{"type":"Image","props":{"zOrder":3,"skin":"Cloth/Up/10102.png","name":"Trousers","centerY":-53,"centerX":7,"anchorY":0.5,"anchorX":0.5},"compId":35},{"type":"Image","props":{"zOrder":3,"skin":"Cloth/Up/10102.png","name":"Trousers1","centerY":-39.7,"centerX":74.3,"anchorY":0.5,"anchorX":0.5},"compId":36},{"type":"Image","props":{"zOrder":3,"skin":"Cloth/Dress/40402_1.png","name":"Dress","centerY":-101,"centerX":14,"anchorY":0.5,"anchorX":0.5},"compId":37},{"type":"Image","props":{"zOrder":3,"skin":"Cloth/Up/10102.png","name":"Socks","centerY":225,"centerX":21.9,"anchorY":0.5,"anchorX":0.5},"compId":38},{"type":"Image","props":{"zOrder":3,"skin":"Cloth/Up/10102.png","name":"Dress1","centerY":-105.5,"centerX":57,"anchorY":0.5,"anchorX":0.5},"compId":39},{"type":"Image","props":{"zOrder":0,"skin":"Cloth/Up/10102.png","name":"Ornament1","centerY":-6.103516,"centerX":3.051758,"anchorY":0.5,"anchorX":0.5},"compId":40},{"type":"Image","props":{"zOrder":3,"skin":"Cloth/Shoes/40403.png","name":"Shose","centerY":358,"centerX":24,"anchorY":0.5,"anchorX":0.5},"compId":41},{"type":"Image","props":{"zOrder":0,"skin":"Cloth/Up/10102.png","name":"Socks1","centerY":-6.103516,"centerX":3.051758,"anchorY":0.5,"anchorX":0.5},"compId":42},{"type":"Image","props":{"zOrder":3,"skin":"Cloth/Up/10102.png","name":"Shose1","centerY":374.1,"centerX":30.9,"anchorY":0.5,"anchorX":0.5},"compId":43},{"type":"Image","props":{"zOrder":4,"skin":"Cloth/Up/10102.png","name":"Coat","centerY":-231.7,"centerX":21.4,"anchorY":0.5,"anchorX":0.5},"compId":44},{"type":"Image","props":{"zOrder":0,"skin":"Cloth/Up/10102.png","name":"Coat1","centerY":-166,"centerX":9.800001,"anchorY":0.5,"anchorX":0.5},"compId":45},{"type":"Script","props":{"runtime":"script/Game/PickClothChangeT.ts"},"compId":57}]},{"type":"Image","props":{"y":148,"x":123,"width":157,"var":"Vote_other","height":70},"compId":58,"child":[{"type":"Image","props":{"y":1,"x":22,"width":28,"skin":"PK/shuzidi.png","height":67},"compId":73},{"type":"Image","props":{"y":1,"x":47,"width":28,"skin":"PK/shuzidi.png","height":67},"compId":82},{"type":"Image","props":{"y":1,"x":74,"width":30,"skin":"PK/shuzidi.png","height":67},"compId":83},{"type":"Label","props":{"y":2,"x":19.5,"width":83,"valign":"middle","text":"0","padding":" ","name":"otherPre","height":68,"fontSize":47,"font":"Helvetica","color":"#fffbfb","bold":true,"align":"right"},"compId":62},{"type":"Image","props":{"y":12,"x":105,"skin":"PK/piao.png"},"compId":80}]},{"type":"Image","props":{"y":148,"x":463,"width":157,"var":"Vote_me","height":70},"compId":84,"child":[{"type":"Image","props":{"y":1,"x":22,"width":28,"skin":"PK/shuzidi.png","height":67},"compId":85},{"type":"Image","props":{"y":1,"x":47,"width":28,"skin":"PK/shuzidi.png","height":67},"compId":86},{"type":"Image","props":{"y":1,"x":74,"width":31,"skin":"PK/shuzidi.png","height":67},"compId":87},{"type":"Label","props":{"y":2,"x":20,"width":83,"valign":"middle","text":"0","padding":" ","name":"myPre","height":68,"fontSize":47,"font":"Helvetica","color":"#fffbfb","bold":true,"align":"right"},"compId":88},{"type":"Image","props":{"y":12,"x":105,"skin":"PK/piao.png"},"compId":89}]},{"type":"Image","props":{"y":262,"x":450,"visible":false,"var":"WinMark","skin":"PK/huangguang.png","rotation":-45,"anchorY":0.5,"anchorX":0.5},"compId":91},{"type":"Image","props":{"y":262,"x":369,"visible":false,"var":"LoseMark","skin":"PK/losegame.png"},"compId":90},{"type":"Image","props":{"y":0,"x":343,"visible":false,"var":"Light","skin":"PK/guang.png"},"compId":98},{"type":"Box","props":{"y":0,"x":0},"compId":118}]},{"type":"Image","props":{"visible":false,"var":"WinUI","top":0,"skin":"PK/heidi.png","right":0,"left":0,"bottom":0},"compId":125,"child":[{"type":"Image","props":{"visible":true,"var":"BG","top":0,"skin":"PK/heidi.png","right":0,"left":0,"bottom":0},"compId":100},{"type":"Box","props":{"width":720,"name":"WinBox","height":1280,"centerY":0,"centerX":0},"compId":127,"child":[{"type":"Sprite","props":{},"compId":126},{"type":"Image","props":{"y":36,"x":0,"skin":"PK/chenggong.png"},"compId":101},{"type":"Image","props":{"y":605,"x":128,"skin":"PK/fanbei.png"},"compId":102},{"type":"Image","props":{"y":548,"x":120,"skin":"PK/taibangle.png"},"compId":103},{"type":"Label","props":{"y":448,"x":254,"width":231,"valign":"middle","text":"胜利场次+1","height":64,"fontSize":38,"font":"Microsoft YaHei","color":"#e11950","bold":true,"align":"center"},"compId":104},{"type":"Image","props":{"y":825,"x":370,"var":"OkBtn","skin":"PK/anniu_haode.png","name":"OkBtn"},"compId":105},{"type":"Image","props":{"y":825,"x":88,"var":"NoBtn","skin":"PK/anniu_bule.png","name":"NoBtn"},"compId":106}]}]},{"type":"Image","props":{"visible":false,"var":"LoseUI","top":0,"skin":"PK/heidi.png","right":0,"left":0,"bottom":0},"compId":133,"child":[{"type":"Image","props":{"y":0,"x":0,"visible":true,"top":0,"skin":"PK/heidi.png","right":0,"name":"BG","left":0,"bottom":0},"compId":107},{"type":"Box","props":{"width":720,"name":"LoseBox","height":1280,"centerY":0,"centerX":0},"compId":134,"child":[{"type":"Image","props":{"y":33,"x":0,"skin":"PK/shibai.png"},"compId":108},{"type":"Image","props":{"y":604,"x":128,"skin":"PK/tishi.png"},"compId":109},{"type":"Image","props":{"y":548,"x":112,"skin":"PK/kexi.png"},"compId":110},{"type":"Label","props":{"y":445,"x":290,"width":98,"var":"VoteNum","valign":"middle","text":"208","name":"VoteNum","height":76,"fontSize":50,"font":"Microsoft YaHei","color":"#4d37ac","bold":true,"align":"center"},"compId":111},{"type":"Label","props":{"y":445,"x":377,"width":53,"valign":"middle","text":"票","height":71,"fontSize":40,"font":"Microsoft YaHei","color":"#4d37ac","bold":false,"align":"center"},"compId":113},{"type":"Image","props":{"y":826,"x":226,"var":"ContinueBtn","skin":"PK/anniu_jieli.png","name":"ContinueBtn"},"compId":114}]}]},{"type":"Image","props":{"y":0,"x":0,"visible":false,"var":"ShareUI","top":0,"skin":"PK/heidi.png","right":0,"left":0,"bottom":0},"compId":130,"child":[{"type":"Image","props":{"y":0,"x":0,"visible":true,"top":0,"skin":"PK/heidi.png","right":0,"name":"BG","left":0,"bottom":0},"compId":120},{"type":"Box","props":{"width":720,"name":"ShareBox","height":1280,"centerY":0,"centerX":0},"compId":132,"child":[{"type":"Image","props":{"y":144,"x":19,"skin":"PK/chundadaren.png"},"compId":121},{"type":"Image","props":{"y":895,"x":229,"var":"ShareBtn","skin":"PK/anniu_fenxaing.png","name":"ShareBtn"},"compId":122},{"type":"Image","props":{"y":86,"x":572,"var":"CloseBtn","skin":"sign/X.png","name":"CloseBtn"},"compId":123}]}]}],"loadList":["PK/bj.png","PK/wutai2.png","main/anniu_shang.png","Body/lian.png","Cloth/Hair/40401.png","Cloth/Up/10102.png","Cloth/Dress/40402_1.png","Cloth/Shoes/40403.png","PK/shuzidi.png","PK/piao.png","PK/huangguang.png","PK/losegame.png","PK/guang.png","PK/heidi.png","PK/chenggong.png","PK/fanbei.png","PK/taibangle.png","PK/anniu_haode.png","PK/anniu_bule.png","PK/shibai.png","PK/tishi.png","PK/kexi.png","PK/anniu_jieli.png","PK/chundadaren.png","PK/anniu_fenxaing.png","sign/X.png"],"loadList3D":[]}