{"type":"View","props":{"width":720,"top":0,"right":0,"left":0,"height":1280,"bottom":0},"compId":2,"child":[{"type":"Image","props":{"top":0,"skin":"PK/heidi.png","right":0,"left":0,"bottom":0},"compId":9},{"type":"Box","props":{"width":720,"height":1280,"centerY":0,"centerX":0},"compId":8,"child":[{"type":"Image","props":{"y":0,"x":0,"width":720,"var":"Load","top":0,"skin":"PK/tu.png","left":0,"height":1280},"compId":3,"child":[{"type":"Image","props":{"y":1057,"x":293,"skin":"PK/pipei.png"},"compId":4},{"type":"Image","props":{"y":1108,"x":139,"width":442,"skin":"PK/jindu_di.png","sizeGrid":"5,6,7,6"},"compId":5,"child":[{"type":"Image","props":{"y":3,"x":2.5,"width":0,"var":"loading","skin":"PK/jindu_2.png","height":20},"compId":6}]}]}]}],"loadList":["PK/heidi.png","PK/tu.png","PK/pipei.png","PK/jindu_di.png","PK/jindu_2.png"],"loadList3D":[]}