{"type":"View","props":{"width":720,"top":0,"right":0,"left":0,"height":1280,"bottom":0},"compId":2,"child":[{"type":"Image","props":{"top":0,"skin":"PK/heidi.png","right":0,"left":0,"bottom":0},"compId":3},{"type":"Box","props":{"width":720,"height":1280,"centerY":0,"centerX":0},"compId":5,"child":[{"type":"Image","props":{"skin":"PK/tu_3.png"},"compId":6},{"type":"Image","props":{"y":1020,"x":231,"var":"ADBtn","skin":"PK/anniu_like.png","name":"ADBtn"},"compId":7},{"type":"Image","props":{"y":33,"x":607,"var":"CloseBtn","skin":"sign/X.png"},"compId":8}]}],"loadList":["PK/heidi.png","PK/tu_3.png","PK/anniu_like.png","sign/X.png"],"loadList3D":[]}