{"type":"View","props":{"width":720,"top":0,"right":0,"positionVariance_0":100,"mouseThrough":true,"maxPartices":100,"left":0,"height":1280,"bottom":0},"compId":1,"child":[{"type":"Box","props":{"y":1035,"x":0,"width":720,"visible":false,"height":100,"bottom":145},"compId":399,"child":[{"type":"Image","props":{"y":5,"x":0,"var":"Btn1","skin":"promo/rec4.png"},"compId":400},{"type":"Image","props":{"y":5,"x":127,"var":"Btn2","skin":"promo/rec4.png"},"compId":401},{"type":"Image","props":{"y":5,"x":253,"var":"Btn3","skin":"promo/rec4.png"},"compId":402},{"type":"Image","props":{"y":5,"x":380,"var":"Btn4","skin":"promo/rec4.png"},"compId":403},{"type":"Image","props":{"y":5,"x":506,"var":"Btn5","skin":"promo/rec4.png"},"compId":404},{"type":"Image","props":{"y":5,"x":633,"var":"Btn6","skin":"promo/rec4.png"},"compId":408}]},{"type":"Box","props":{"y":253,"x":0,"width":150,"var":"P101_1","height":150},"compId":22,"child":[{"type":"Box","props":{"y":75,"x":75,"width":130,"height":130,"anchorY":0.5,"anchorX":0.5},"compId":193,"child":[{"type":"Image","props":{"y":0,"x":10,"width":110,"skin":"promo/rec4.png","name":"Icon","height":110},"compId":23},{"type":"Sprite","props":{"y":-7,"x":105,"texture":"promo/hot1.png","name":"Flag1"},"compId":24},{"type":"Sprite","props":{"y":-6,"x":82,"texture":"promo/hot2.png","name":"Flag2"},"compId":40},{"type":"Sprite","props":{"y":-6,"x":82,"texture":"promo/hot3.png","name":"Flag3"},"compId":41}]}]},{"type":"Box","props":{"y":253,"x":570,"width":150,"var":"P101_2","height":150},"compId":43,"child":[{"type":"Box","props":{"y":75,"x":75,"width":130,"height":130,"anchorY":0.5,"anchorX":0.5},"compId":194,"child":[{"type":"Image","props":{"y":0,"x":10,"width":110,"skin":"promo/rec4.png","name":"Icon","height":110},"compId":195},{"type":"Sprite","props":{"y":-7,"x":105,"texture":"promo/hot1.png","name":"Flag1"},"compId":196},{"type":"Sprite","props":{"y":-6,"x":82,"texture":"promo/hot2.png","name":"Flag2"},"compId":197},{"type":"Sprite","props":{"y":-6,"x":82,"texture":"promo/hot3.png","name":"Flag3"},"compId":198}]}]},{"type":"Box","props":{"y":253,"x":285,"width":150,"var":"P101_3","height":150},"compId":50,"child":[{"type":"Box","props":{"y":75,"x":75,"width":130,"height":130,"anchorY":0.5,"anchorX":0.5},"compId":199,"child":[{"type":"Image","props":{"y":0,"x":10,"width":110,"skin":"promo/rec4.png","name":"Icon","height":110},"compId":200},{"type":"Sprite","props":{"y":-7,"x":105,"texture":"promo/hot1.png","name":"Flag1"},"compId":201},{"type":"Sprite","props":{"y":-6,"x":82,"texture":"promo/hot2.png","name":"Flag2"},"compId":202},{"type":"Sprite","props":{"y":-6,"x":82,"texture":"promo/hot3.png","name":"Flag3"},"compId":203}]}]},{"type":"Box","props":{"y":253,"x":476,"width":150,"var":"P101_4","height":150},"compId":415,"child":[{"type":"Box","props":{"y":75,"x":75,"width":130,"height":130,"anchorY":0.5,"anchorX":0.5},"compId":416,"child":[{"type":"Image","props":{"y":0,"x":10,"width":110,"skin":"promo/rec4.png","name":"Icon","height":110},"compId":417},{"type":"Sprite","props":{"y":-7,"x":105,"texture":"promo/hot1.png","name":"Flag1"},"compId":418},{"type":"Sprite","props":{"y":-6,"x":82,"texture":"promo/hot2.png","name":"Flag2"},"compId":419},{"type":"Sprite","props":{"y":-6,"x":82,"texture":"promo/hot3.png","name":"Flag3"},"compId":420}]}]},{"type":"Box","props":{"y":253,"x":476,"width":150,"var":"P101_5","height":150},"compId":421,"child":[{"type":"Box","props":{"y":75,"x":75,"width":130,"height":130,"anchorY":0.5,"anchorX":0.5},"compId":422,"child":[{"type":"Image","props":{"y":0,"x":10,"width":110,"skin":"promo/rec4.png","name":"Icon","height":110},"compId":423},{"type":"Sprite","props":{"y":-7,"x":105,"texture":"promo/hot1.png","name":"Flag1"},"compId":424},{"type":"Sprite","props":{"y":-6,"x":82,"texture":"promo/hot2.png","name":"Flag2"},"compId":425},{"type":"Sprite","props":{"y":-6,"x":82,"texture":"promo/hot3.png","name":"Flag3"},"compId":426}]}]},{"type":"Box","props":{"y":253,"x":476,"width":150,"var":"P101_6","height":150},"compId":427,"child":[{"type":"Box","props":{"y":75,"x":75,"width":130,"height":130,"anchorY":0.5,"anchorX":0.5},"compId":428,"child":[{"type":"Image","props":{"y":0,"x":10,"width":110,"skin":"promo/rec4.png","name":"Icon","height":110},"compId":429},{"type":"Sprite","props":{"y":-7,"x":105,"texture":"promo/hot1.png","name":"Flag1"},"compId":430},{"type":"Sprite","props":{"y":-6,"x":82,"texture":"promo/hot2.png","name":"Flag2"},"compId":431},{"type":"Sprite","props":{"y":-6,"x":82,"texture":"promo/hot3.png","name":"Flag3"},"compId":432}]}]},{"type":"Box","props":{"y":398,"x":70,"width":579,"var":"P102","height":483},"compId":78,"child":[{"type":"Image","props":{"y":11,"x":39,"width":500,"skin":"promo/white.jpg","height":460},"compId":79},{"type":"Box","props":{"y":130,"x":133,"width":142,"height":207,"anchorY":0.5,"anchorX":0.5},"compId":96,"child":[{"type":"Image","props":{"top":0,"skin":"promo/p102bgs/b.png","right":0,"name":"Bg","left":0,"bottom":0},"compId":100},{"type":"Image","props":{"y":13,"x":16,"width":110,"skin":"promo/rec4.png","name":"Icon","height":110},"compId":101},{"type":"Sprite","props":{"y":6,"x":111,"texture":"promo/hot1.png","name":"Flag1"},"compId":97},{"type":"Sprite","props":{"y":7,"x":88,"texture":"promo/hot2.png","name":"Flag2"},"compId":98},{"type":"Sprite","props":{"y":7,"x":88,"texture":"promo/hot3.png","name":"Flag3"},"compId":99},{"type":"Text","props":{"y":126,"x":3,"width":135,"valign":"middle","text":"text","name":"Name","height":42,"fontSize":20,"color":"#2d0e0e","align":"center","runtime":"laya.display.Text"},"compId":102},{"type":"Text","props":{"y":171,"x":18,"width":105,"valign":"middle","text":"text","name":"Info","height":25,"fontSize":18,"color":"#ff0400","align":"center","runtime":"laya.display.Text"},"compId":103}]},{"type":"Box","props":{"y":130,"x":289,"width":142,"height":207,"anchorY":0.5,"anchorX":0.5},"compId":205,"child":[{"type":"Image","props":{"top":0,"skin":"promo/p102bgs/b.png","right":0,"name":"Bg","left":0,"bottom":0},"compId":206},{"type":"Image","props":{"y":13,"x":16,"width":110,"skin":"promo/rec4.png","name":"Icon","height":110},"compId":207},{"type":"Sprite","props":{"y":6,"x":111,"texture":"promo/hot1.png","name":"Flag1"},"compId":208},{"type":"Sprite","props":{"y":7,"x":88,"texture":"promo/hot2.png","name":"Flag2"},"compId":209},{"type":"Sprite","props":{"y":7,"x":88,"texture":"promo/hot3.png","name":"Flag3"},"compId":210},{"type":"Text","props":{"y":126,"x":3,"width":135,"valign":"middle","text":"text","name":"Name","height":42,"fontSize":20,"color":"#2d0e0e","align":"center","runtime":"laya.display.Text"},"compId":211},{"type":"Text","props":{"y":171,"x":18,"width":105,"valign":"middle","text":"text","name":"Info","height":25,"fontSize":18,"color":"#ff0400","align":"center","runtime":"laya.display.Text"},"compId":212}]},{"type":"Box","props":{"y":130,"x":445,"width":142,"height":207,"anchorY":0.5,"anchorX":0.5},"compId":213,"child":[{"type":"Image","props":{"top":0,"skin":"promo/p102bgs/b.png","right":0,"name":"Bg","left":0,"bottom":0},"compId":214},{"type":"Image","props":{"y":13,"x":16,"width":110,"skin":"promo/rec4.png","name":"Icon","height":110},"compId":215},{"type":"Sprite","props":{"y":6,"x":111,"texture":"promo/hot1.png","name":"Flag1"},"compId":216},{"type":"Sprite","props":{"y":7,"x":88,"texture":"promo/hot2.png","name":"Flag2"},"compId":217},{"type":"Sprite","props":{"y":7,"x":88,"texture":"promo/hot3.png","name":"Flag3"},"compId":218},{"type":"Text","props":{"y":126,"x":3,"width":135,"valign":"middle","text":"text","name":"Name","height":42,"fontSize":20,"color":"#2d0e0e","align":"center","runtime":"laya.display.Text"},"compId":219},{"type":"Text","props":{"y":171,"x":18,"width":105,"valign":"middle","text":"text","name":"Info","height":25,"fontSize":18,"color":"#ff0400","align":"center","runtime":"laya.display.Text"},"compId":220}]},{"type":"Box","props":{"y":349,"x":133,"width":142,"height":207,"anchorY":0.5,"anchorX":0.5},"compId":229,"child":[{"type":"Image","props":{"top":0,"skin":"promo/p102bgs/b.png","right":0,"name":"Bg","left":0,"bottom":0},"compId":232},{"type":"Image","props":{"y":13,"x":16,"width":110,"skin":"promo/rec4.png","name":"Icon","height":110},"compId":233},{"type":"Sprite","props":{"y":6,"x":111,"texture":"promo/hot1.png","name":"Flag1"},"compId":234},{"type":"Sprite","props":{"y":7,"x":88,"texture":"promo/hot2.png","name":"Flag2"},"compId":235},{"type":"Sprite","props":{"y":7,"x":88,"texture":"promo/hot3.png","name":"Flag3"},"compId":236},{"type":"Text","props":{"y":126,"x":3,"width":135,"valign":"middle","text":"text","name":"Name","height":42,"fontSize":20,"color":"#2d0e0e","align":"center","runtime":"laya.display.Text"},"compId":237},{"type":"Text","props":{"y":171,"x":18,"width":105,"valign":"middle","text":"text","name":"Info","height":25,"fontSize":18,"color":"#ff0400","align":"center","runtime":"laya.display.Text"},"compId":238}]},{"type":"Box","props":{"y":349,"x":289,"width":142,"height":207,"anchorY":0.5,"anchorX":0.5},"compId":230,"child":[{"type":"Image","props":{"top":0,"skin":"promo/p102bgs/b.png","right":0,"name":"Bg","left":0,"bottom":0},"compId":239},{"type":"Image","props":{"y":13,"x":16,"width":110,"skin":"promo/rec4.png","name":"Icon","height":110},"compId":240},{"type":"Sprite","props":{"y":6,"x":111,"texture":"promo/hot1.png","name":"Flag1"},"compId":241},{"type":"Sprite","props":{"y":7,"x":88,"texture":"promo/hot2.png","name":"Flag2"},"compId":242},{"type":"Sprite","props":{"y":7,"x":88,"texture":"promo/hot3.png","name":"Flag3"},"compId":243},{"type":"Text","props":{"y":126,"x":3,"width":135,"valign":"middle","text":"text","name":"Name","height":42,"fontSize":20,"color":"#2d0e0e","align":"center","runtime":"laya.display.Text"},"compId":244},{"type":"Text","props":{"y":171,"x":18,"width":105,"valign":"middle","text":"text","name":"Info","height":25,"fontSize":18,"color":"#ff0400","align":"center","runtime":"laya.display.Text"},"compId":245}]},{"type":"Box","props":{"y":349,"x":445,"width":142,"height":207,"anchorY":0.5,"anchorX":0.5},"compId":231,"child":[{"type":"Image","props":{"top":0,"skin":"promo/p102bgs/b.png","right":0,"name":"Bg","left":0,"bottom":0},"compId":246},{"type":"Image","props":{"y":13,"x":16,"width":110,"skin":"promo/rec4.png","name":"Icon","height":110},"compId":247},{"type":"Sprite","props":{"y":6,"x":111,"texture":"promo/hot1.png","name":"Flag1"},"compId":248},{"type":"Sprite","props":{"y":7,"x":88,"texture":"promo/hot2.png","name":"Flag2"},"compId":249},{"type":"Sprite","props":{"y":7,"x":88,"texture":"promo/hot3.png","name":"Flag3"},"compId":250},{"type":"Text","props":{"y":126,"x":3,"width":135,"valign":"middle","text":"text","name":"Name","height":42,"fontSize":20,"color":"#2d0e0e","align":"center","runtime":"laya.display.Text"},"compId":251},{"type":"Text","props":{"y":171,"x":18,"width":105,"valign":"middle","text":"text","name":"Info","height":25,"fontSize":18,"color":"#ff0400","align":"center","runtime":"laya.display.Text"},"compId":252}]}]},{"type":"Box","props":{"y":285,"x":89,"width":542,"var":"P103","height":678},"compId":254,"child":[{"type":"Image","props":{"y":0,"x":0,"top":0,"skin":"promo/white.jpg","right":0,"left":0,"bottom":0},"compId":255,"child":[{"type":"Sprite","props":{"y":36,"x":174,"texture":"promo/more1.png"},"compId":306}]},{"type":"Image","props":{"y":15,"x":480,"skin":"promo/x.png","name":"Close103"},"compId":307},{"type":"List","props":{"y":105,"x":7,"width":529,"repeatY":3,"repeatX":4,"name":"List103","height":522},"compId":304,"child":[{"type":"Box","props":{"y":0,"x":1,"width":128,"renderType":"render","height":170},"compId":256,"child":[{"type":"Image","props":{"y":8,"x":9,"width":110,"skin":"promo/rec4.png","name":"Icon","height":110},"compId":258},{"type":"Sprite","props":{"y":1,"x":104,"texture":"promo/hot1.png","name":"Flag1"},"compId":259},{"type":"Sprite","props":{"y":2,"x":81,"texture":"promo/hot2.png","name":"Flag2"},"compId":260},{"type":"Sprite","props":{"y":2,"x":81,"texture":"promo/hot3.png","name":"Flag3"},"compId":261},{"type":"Text","props":{"y":118,"x":10,"wordWrap":true,"width":108,"valign":"middle","text":"text","name":"Name","height":46,"fontSize":18,"color":"#2d0e0e","align":"center","runtime":"laya.display.Text"},"compId":262}]}]}]},{"type":"Box","props":{"y":1149,"x":5,"width":710,"var":"P104","height":126,"bottom":5},"compId":386,"child":[{"type":"Image","props":{"width":710,"top":0,"skin":"promo/white.jpg","right":0,"left":0,"height":140,"bottom":0},"compId":387,"child":[{"type":"Sprite","props":{"y":23,"x":23,"texture":"promo/guess.png"},"compId":388}]},{"type":"List","props":{"y":3,"x":113,"width":552,"spaceX":15,"name":"List104","height":119},"compId":390,"child":[{"type":"Box","props":{"y":0,"x":0,"width":106,"renderType":"render","height":119},"compId":391,"child":[{"type":"Image","props":{"y":7,"x":0,"width":105,"skin":"promo/rec4.png","name":"Icon","height":105},"compId":392},{"type":"Sprite","props":{"y":5.5,"x":82,"texture":"promo/hot1.png","name":"Flag1"},"compId":393},{"type":"Sprite","props":{"y":7,"x":60,"texture":"promo/hot2.png","name":"Flag2"},"compId":394},{"type":"Sprite","props":{"y":7,"x":60,"texture":"promo/hot3.png","name":"Flag3"},"compId":395}]}]}]},{"type":"Box","props":{"y":0,"x":0,"var":"P105","top":0,"right":0,"mouseThrough":true,"left":0,"bottom":0},"compId":308,"child":[{"type":"Image","props":{"top":0,"skin":"promo/img_blank.png","right":0,"name":"Bg","left":0,"bottom":0},"compId":433},{"type":"Image","props":{"y":70,"x":0,"width":78,"skin":"promo/white.jpg","name":"Open105","height":72},"compId":361,"child":[{"type":"Image","props":{"y":17.5,"x":59,"skin":"promo/arrow.png","scaleX":-1},"compId":364}]},{"type":"Box","props":{"y":70,"x":0,"width":630,"name":"Panel105","height":565},"compId":358,"child":[{"type":"Image","props":{"y":110,"x":626,"width":78,"skin":"promo/white.jpg","name":"Close105","height":72},"compId":359,"child":[{"type":"Image","props":{"y":17.5,"x":18,"skin":"promo/arrow.png"},"compId":363}]},{"type":"Image","props":{"y":0,"x":0,"width":630,"skin":"promo/white.jpg","height":565},"compId":309},{"type":"List","props":{"y":23,"x":12,"width":605,"spaceY":5,"spaceX":10,"name":"List105","height":516},"compId":362,"child":[{"type":"Box","props":{"y":0,"x":0,"width":142,"renderType":"render","height":167},"compId":350,"child":[{"type":"Image","props":{"top":0,"skin":"promo/p102bgs/b.png","right":0,"name":"Bg","left":0,"bottom":0},"compId":351},{"type":"Image","props":{"y":13,"x":16,"width":110,"skin":"promo/rec4.png","name":"Icon","height":110},"compId":352},{"type":"Sprite","props":{"y":6,"x":111,"texture":"promo/hot1.png","name":"Flag1"},"compId":353},{"type":"Sprite","props":{"y":7,"x":88,"texture":"promo/hot2.png","name":"Flag2"},"compId":354},{"type":"Sprite","props":{"y":7,"x":88,"texture":"promo/hot3.png","name":"Flag3"},"compId":355},{"type":"Text","props":{"y":126,"x":3,"wordWrap":true,"width":135,"valign":"middle","text":"text","name":"Name","height":38,"fontSize":18,"color":"#2d0e0e","align":"center","runtime":"laya.display.Text"},"compId":356}]}]}]}]},{"type":"Box","props":{"var":"P106","top":0,"right":0,"mouseThrough":true,"left":0,"bottom":0},"compId":366,"child":[{"type":"Image","props":{"y":875,"x":316.5,"skin":"promo/rec4.png","name":"Open106"},"compId":405},{"type":"Box","props":{"top":0,"right":0,"name":"Panel106","left":0,"bottom":0},"compId":406,"child":[{"type":"Image","props":{"top":0,"skin":"promo/img_blank.png","right":0,"left":0,"bottom":0},"compId":407},{"type":"Image","props":{"y":290,"x":60,"width":600,"skin":"promo/white.jpg","height":700},"compId":367,"child":[{"type":"Sprite","props":{"y":36,"x":159,"texture":"promo/try2.png"},"compId":368}]},{"type":"Image","props":{"y":306,"x":596,"skin":"promo/x.png","name":"Close106"},"compId":369},{"type":"List","props":{"y":411,"x":88,"width":544,"spaceY":5,"name":"List106","height":548},"compId":370,"child":[{"type":"Box","props":{"y":0,"x":1,"width":542,"renderType":"render","height":133},"compId":371,"child":[{"type":"Image","props":{"y":0,"x":0,"width":542,"skin":"promo/white.jpg"},"compId":377},{"type":"Image","props":{"y":8,"x":9,"width":110,"skin":"promo/rec4.png","name":"Icon","height":110},"compId":372},{"type":"Text","props":{"y":17,"x":140,"wordWrap":true,"width":250,"valign":"middle","text":"text","name":"Name","height":46,"fontSize":28,"color":"#2d0e0e","align":"left","runtime":"laya.display.Text"},"compId":376},{"type":"Text","props":{"y":65,"x":140,"wordWrap":true,"width":250,"valign":"middle","text":"text","name":"Info","height":46,"fontSize":26,"color":"#ff0000","align":"left","runtime":"laya.display.Text"},"compId":378},{"type":"Image","props":{"y":49.5,"x":427,"skin":"promo/try1.png","name":"Play"},"compId":379}]}]}]}]}],"loadList":["promo/rec4.png","promo/hot1.png","promo/hot2.png","promo/hot3.png","promo/white.jpg","promo/p102bgs/b.png","promo/more1.png","promo/x.png","promo/guess.png","promo/img_blank.png","promo/arrow.png","promo/try2.png","promo/try1.png"],"loadList3D":[]}