{"type":"View","props":{"width":720,"top":0,"right":0,"left":0,"height":1280,"bottom":0},"compId":2,"child":[{"type":"Image","props":{"top":0,"skin":"PK/bj.png","right":0,"left":0,"bottom":0},"compId":3},{"type":"Box","props":{"width":720,"height":1280,"centerY":0,"centerX":0},"compId":5,"child":[{"type":"Image","props":{"y":75,"x":63,"visible":true,"var":"BackBtn","skin":"main/anniu_shang.png","rotation":-90,"anchorY":0.5,"anchorX":0.5},"compId":7},{"type":"Image","props":{"y":1131,"x":88,"var":"RankListBtn","skin":"RankList/anniu_paihang.png"},"compId":8},{"type":"Image","props":{"y":1131,"x":377,"var":"Pick","skin":"RankList/anniu_qutiaozhan.png"},"compId":9,"child":[{"type":"Box","props":{"y":-23,"x":215,"var":"PickNumImage","scaleY":0.7,"scaleX":0.7},"compId":246,"child":[{"type":"Image","props":{"skin":"RankList/touxiang1.png"},"compId":247},{"type":"Image","props":{"skin":"RankList/touxiang2.png"},"compId":248},{"type":"Label","props":{"y":10.5,"x":8,"width":55,"var":"PickNum","valign":"middle","text":"5","name":"PickNum","height":56,"fontSize":50,"font":"Microsoft YaHei","color":"#fd6892","bold":true,"align":"center"},"compId":158}]}]},{"type":"Image","props":{"y":1157.5,"x":580,"width":49,"visible":false,"var":"ADImage","skin":"main/shiping.png","name":"ADImage","height":43},"compId":241},{"type":"Box","props":{"zOrder":2,"width":636,"var":"FemaleRoot","scaleY":1,"scaleX":1,"name":"FemaleRoot","height":1130,"centerY":-26,"centerX":-19,"anchorY":0.5,"anchorX":0.5},"compId":10,"child":[{"type":"Image","props":{"zOrder":-8,"width":231,"skin":"Body/lian.png","name":"Body","height":806,"centerY":0,"centerX":13.8,"anchorY":0.5,"anchorX":0.5},"compId":11},{"type":"Image","props":{"zOrder":4,"var":"Hair","skin":"Cloth/Hair/40401.png","name":"Hair","centerY":-356,"centerX":27,"anchorY":0.5,"anchorX":0.5},"compId":12},{"type":"Image","props":{"zOrder":3,"var":"Hair1","skin":"Cloth/Up/10102.png","name":"Hair1","centerY":-304.7,"centerX":91.3,"anchorY":0.5,"anchorX":0.5},"compId":13},{"type":"Image","props":{"zOrder":3,"var":"Ornament","skin":"Cloth/Up/10102.png","name":"Ornament","centerY":-336.4,"centerX":10.5,"anchorY":0.5,"anchorX":0.5},"compId":14},{"type":"Image","props":{"zOrder":4,"var":"Shirt","skin":"Cloth/Up/10102.png","name":"Shirt","centerY":-227.5,"centerX":7.000004,"anchorY":0.5,"anchorX":0.5},"compId":15},{"type":"Image","props":{"zOrder":4,"var":"Shirt1","skin":"Cloth/Up/10102.png","name":"Shirt1","centerY":-105.5,"centerX":15.1,"anchorY":0.5,"anchorX":0.5},"compId":16},{"type":"Image","props":{"zOrder":3,"var":"Trousers","skin":"Cloth/Up/10102.png","name":"Trousers","centerY":-53,"centerX":7,"anchorY":0.5,"anchorX":0.5},"compId":17},{"type":"Image","props":{"zOrder":3,"var":"Trousers1","skin":"Cloth/Up/10102.png","name":"Trousers1","centerY":-39.7,"centerX":74.3,"anchorY":0.5,"anchorX":0.5},"compId":18},{"type":"Image","props":{"zOrder":3,"var":"Dress","skin":"Cloth/Dress/40402_1.png","name":"Dress","centerY":-101,"centerX":14,"anchorY":0.5,"anchorX":0.5},"compId":19},{"type":"Image","props":{"zOrder":3,"var":"Socks","skin":"Cloth/Up/10102.png","name":"Socks","centerY":225,"centerX":21.9,"anchorY":0.5,"anchorX":0.5},"compId":20},{"type":"Image","props":{"zOrder":3,"var":"Dress1","skin":"Cloth/Up/10102.png","name":"Dress1","centerY":-105.5,"centerX":57,"anchorY":0.5,"anchorX":0.5},"compId":21},{"type":"Image","props":{"zOrder":0,"var":"Ornament1","skin":"Cloth/Up/10102.png","name":"Ornament1","centerY":-6.103516,"centerX":3.051758,"anchorY":0.5,"anchorX":0.5},"compId":22},{"type":"Image","props":{"zOrder":3,"var":"Shose","skin":"Cloth/Shoes/40403.png","name":"Shose","centerY":358,"centerX":24,"anchorY":0.5,"anchorX":0.5},"compId":23},{"type":"Image","props":{"zOrder":0,"var":"Socks1","skin":"Cloth/Up/10102.png","name":"Socks1","centerY":-6.103516,"centerX":3.051758,"anchorY":0.5,"anchorX":0.5},"compId":24},{"type":"Image","props":{"zOrder":3,"var":"Shose1","skin":"Cloth/Up/10102.png","name":"Shose1","centerY":374.1,"centerX":30.9,"anchorY":0.5,"anchorX":0.5},"compId":25},{"type":"Image","props":{"zOrder":4,"var":"Coat","skin":"Cloth/Up/10102.png","name":"Coat","centerY":-231.7,"centerX":21.4,"anchorY":0.5,"anchorX":0.5},"compId":26},{"type":"Image","props":{"zOrder":0,"var":"Coat1","skin":"Cloth/Up/10102.png","name":"Coat1","centerY":-166,"centerX":9.800001,"anchorY":0.5,"anchorX":0.5},"compId":27},{"type":"Script","props":{"y":151,"x":312,"runtime":"script/Game/PickClothChange.ts"},"compId":29},{"type":"Image","props":{"zOrder":-100,"visible":true,"var":"Shadow","skin":"RankList/wutai1.png","name":"Shadow","centerY":403,"centerX":31},"compId":28}]}]},{"type":"Box","props":{"y":221,"x":744,"width":292,"var":"RankListBox","right":-316,"height":838,"centerY":0},"compId":254,"child":[{"type":"Image","props":{"zOrder":10,"var":"RankListArea","skin":"RankList/di.png","sizeGrid":"16,8,23,17","height":819,"centerY":0},"compId":32,"child":[{"type":"Image","props":{"y":-48.5,"x":27,"skin":"RankList/pick.png"},"compId":33},{"type":"List","props":{"width":302,"var":"RankList","spaceY":7,"spaceX":7,"name":"RankList","left":-8,"height":727,"bottom":34},"compId":191,"child":[{"type":"Box","props":{"y":0,"x":0,"width":298,"styleSkin":"UI/2.jpg","renderType":"render","name":"Item","height":120},"compId":192,"child":[{"type":"Image","props":{"y":0,"x":1,"width":289,"visible":false,"skin":"RankList/1.png","name":"BG_Yellow","height":110},"compId":218},{"type":"Image","props":{"y":0,"x":0,"skin":"RankList/2.png","name":"BG_white"},"compId":219},{"type":"Image","props":{"y":19,"x":65,"skin":"RankList/touxiang2.png"},"compId":220},{"type":"Box","props":{"y":54.5,"x":100.5,"width":225,"scaleY":0.5,"scaleX":0.5,"name":"IconParent","height":219,"anchorY":0.5,"anchorX":0.5},"compId":221,"child":[{"type":"Image","props":{"skin":"RankList/tou.png","name":"Icon","centerY":20,"centerX":2,"anchorY":0.5,"anchorX":0.5},"compId":229},{"type":"Image","props":{"y":41.5,"x":48,"width":131,"skin":"RankList/touxiang1.png","renderType":"mask","name":"mask","height":134},"compId":231},{"type":"Box","props":{"top":2,"right":0,"name":"hairBox","left":1,"bottom":0,"anchorY":0.5,"anchorX":0.5},"compId":240,"child":[{"type":"Image","props":{"y":100,"x":108,"visible":false,"skin":"Cloth/Hair/30201.png","name":"hair","centerY":-10,"centerX":-5,"anchorY":0.5,"anchorX":0.5},"compId":230},{"type":"Image","props":{"y":97,"x":115,"visible":false,"skin":"Cloth/Hair/10301.png","name":"hair1","centerY":-13,"centerX":2,"anchorY":0.5,"anchorX":0.5},"compId":232},{"type":"Image","props":{"y":115,"x":104,"visible":false,"skin":"Cloth/Hair/50101.png","name":"hair2","centerY":5,"centerX":-9,"anchorY":0.5,"anchorX":0.5},"compId":233},{"type":"Image","props":{"y":97,"x":106,"visible":false,"skin":"Cloth/Hair/50301.png","name":"hair3","centerY":-13,"centerX":-7,"anchorY":0.5,"anchorX":0.5},"compId":234},{"type":"Image","props":{"y":108,"x":117,"visible":false,"skin":"Cloth/Hair/40201.png","name":"hair4","centerY":-2,"centerX":4,"anchorY":0.5,"anchorX":0.5},"compId":235}]}]},{"type":"Image","props":{"y":33,"x":2,"width":66,"visible":false,"skin":"RankList/top1.png","name":"Top1","height":53},"compId":222},{"type":"Image","props":{"y":30,"x":16,"visible":false,"skin":"RankList/top2.png","name":"Top2"},"compId":223},{"type":"Image","props":{"y":29,"x":16,"visible":false,"skin":"RankList/top3.png","name":"Top3"},"compId":224},{"type":"Label","props":{"y":24,"x":143,"width":145,"valign":"middle","text":"迪士尼在逃公主","name":"Name","height":32,"fontSize":20,"font":"Microsoft YaHei","color":"#ea4472","bold":true,"align":"left"},"compId":225},{"type":"Label","props":{"y":56,"x":143,"width":112,"valign":"middle","text":"胜场:243","name":"WinCount","height":32,"fontSize":26,"font":"Microsoft YaHei","color":"#873eff","bold":true,"align":"left"},"compId":226},{"type":"Label","props":{"y":36,"x":17,"width":48,"valign":"middle","text":"4","name":"RankNum","height":49,"fontSize":38,"font":"Microsoft YaHei","color":"#fd6892","bold":true,"align":"center"},"compId":227},{"type":"Script","props":{"y":0,"x":0,"runtime":"script/Game/UI/RankItem.ts"},"compId":228}]}]}]}]}],"loadList":["PK/bj.png","main/anniu_shang.png","RankList/anniu_paihang.png","RankList/anniu_qutiaozhan.png","RankList/touxiang1.png","RankList/touxiang2.png","main/shiping.png","Body/lian.png","Cloth/Hair/40401.png","Cloth/Up/10102.png","Cloth/Dress/40402_1.png","Cloth/Shoes/40403.png","RankList/wutai1.png","RankList/di.png","RankList/pick.png","UI/2.jpg","RankList/1.png","RankList/2.png","RankList/tou.png","Cloth/Hair/30201.png","Cloth/Hair/10301.png","Cloth/Hair/50101.png","Cloth/Hair/50301.png","Cloth/Hair/40201.png","RankList/top1.png","RankList/top2.png","RankList/top3.png"],"loadList3D":[]}