{"type":"View","props":{"width":720,"top":0,"right":0,"left":0,"height":1280,"bottom":0},"compId":2,"child":[{"type":"Image","props":{"top":0,"skin":"common/mask.png","right":0,"left":0,"bottom":0,"alpha":1,"sizeGrid":"10,10,10,10"},"compId":3},{"type":"Box","props":{"width":720,"name":"Rec1","height":1280,"centerY":0,"centerX":0},"compId":6,"child":[{"type":"Image","props":{"y":166,"x":35,"width":651,"skin":"Recommend/kuang.png","height":1001},"compId":7},{"type":"Image","props":{"y":131,"x":125,"skin":"Recommend/biaoti.png","name":"Title"},"compId":8},{"type":"Image","props":{"y":942,"x":57,"skin":"Recommend/di.png"},"compId":23},{"type":"Panel","props":{"width":567,"name":"ClothPanel","height":157,"centerY":371,"centerX":-8},"compId":21,"child":[{"type":"List","props":{"y":21,"width":570,"var":"ClothList","spaceX":15,"repeatY":0,"name":"ClothList","height":142,"centerX":0},"compId":16,"child":[{"type":"Box","props":{"x":0,"width":107,"scaleY":1,"scaleX":1,"renderType":"render","name":"ClothItem","height":107,"centerY":-18},"compId":17,"child":[{"type":"Image","props":{"zOrder":0,"y":1,"x":0,"width":107,"skin":"Recommend/daojukuang.png","name":"Btn","height":107,"centerY":0,"centerX":0},"compId":18},{"type":"Box","props":{"zOrder":0,"y":-6,"x":-41,"width":189,"name":"IconParent","height":120,"centerY":0,"centerX":0},"compId":208,"child":[{"type":"Image","props":{"zOrder":0,"y":0,"x":0,"skin":"Cloth/Hair/30201.png","name":"Icon","centerY":0,"centerX":0},"compId":209}]},{"type":"Image","props":{"skin":"Recommend/txt_yiyongyou.png","name":"isHave"},"compId":210},{"type":"Script","props":{"runtime":"script/Game/ClothSkinItem.ts"},"compId":211}]}]}]},{"type":"Box","props":{"zOrder":2,"width":636,"var":"FemaleRoot","scaleY":0.6,"scaleX":0.6,"name":"FemaleRoot","height":1130,"centerY":-25,"centerX":-30,"anchorY":0.3,"anchorX":0.5},"compId":186,"child":[{"type":"Image","props":{"zOrder":-8,"width":231,"skin":"Body/lian.png","name":"Body","height":806,"centerY":0,"centerX":13.8,"anchorY":0.5,"anchorX":0.5},"compId":187},{"type":"Image","props":{"zOrder":4,"var":"Hair","skin":"Cloth/Up/10102.png","name":"Hair","centerY":-315.1,"centerX":17.8,"anchorY":0.5,"anchorX":0.5},"compId":188},{"type":"Image","props":{"zOrder":3,"var":"Hair1","skin":"Cloth/Up/10102.png","name":"Hair1","centerY":-304.7,"centerX":91.3,"anchorY":0.5,"anchorX":0.5},"compId":189},{"type":"Image","props":{"zOrder":3,"var":"Ornament","skin":"Cloth/Up/10102.png","name":"Ornament","centerY":-336.4,"centerX":10.5,"anchorY":0.5,"anchorX":0.5},"compId":190},{"type":"Image","props":{"zOrder":4,"var":"Shirt","skin":"Cloth/Up/10102.png","name":"Shirt","centerY":-227.5,"centerX":7.000004,"anchorY":0.5,"anchorX":0.5},"compId":191},{"type":"Image","props":{"zOrder":4,"var":"Shirt1","skin":"Cloth/Up/10102.png","name":"Shirt1","centerY":-105.5,"centerX":15.1,"anchorY":0.5,"anchorX":0.5},"compId":192},{"type":"Image","props":{"zOrder":3,"var":"Trousers","skin":"Cloth/Up/10102.png","name":"Trousers","centerY":-53,"centerX":7,"anchorY":0.5,"anchorX":0.5},"compId":193},{"type":"Image","props":{"zOrder":3,"var":"Trousers1","skin":"Cloth/Up/10102.png","name":"Trousers1","centerY":-39.7,"centerX":74.3,"anchorY":0.5,"anchorX":0.5},"compId":194},{"type":"Image","props":{"zOrder":3,"var":"Dress","skin":"Cloth/Up/10102.png","name":"Dress","centerY":-110.4,"centerX":-2.5,"anchorY":0.5,"anchorX":0.5},"compId":195},{"type":"Image","props":{"zOrder":3,"var":"Socks","skin":"Cloth/Up/10102.png","name":"Socks","centerY":225,"centerX":21.9,"anchorY":0.5,"anchorX":0.5},"compId":196},{"type":"Image","props":{"zOrder":3,"var":"Dress1","skin":"Cloth/Up/10102.png","name":"Dress1","centerY":-105.5,"centerX":57,"anchorY":0.5,"anchorX":0.5},"compId":197},{"type":"Image","props":{"zOrder":0,"var":"Ornament1","skin":"Cloth/Up/10102.png","name":"Ornament1","centerY":-6.103516,"centerX":3.051758,"anchorY":0.5,"anchorX":0.5},"compId":198},{"type":"Image","props":{"zOrder":3,"y":905,"x":339,"var":"Shose","skin":"Cloth/Up/10102.png","name":"Shose","centerY":340,"centerX":21.39998,"anchorY":0.5,"anchorX":0.5},"compId":199},{"type":"Image","props":{"zOrder":0,"var":"Socks1","skin":"Cloth/Up/10102.png","name":"Socks1","centerY":-6.103516,"centerX":3.051758,"anchorY":0.5,"anchorX":0.5},"compId":200},{"type":"Image","props":{"zOrder":3,"var":"Shose1","skin":"Cloth/Up/10102.png","name":"Shose1","centerY":374.1,"centerX":30.9,"anchorY":0.5,"anchorX":0.5},"compId":201},{"type":"Image","props":{"zOrder":4,"var":"Coat","skin":"Cloth/Up/10102.png","name":"Coat","centerY":-231.7,"centerX":21.4,"anchorY":0.5,"anchorX":0.5},"compId":202},{"type":"Image","props":{"zOrder":0,"var":"Coat1","skin":"Cloth/Up/10102.png","name":"Coat1","centerY":-166,"centerX":9.800001,"anchorY":0.5,"anchorX":0.5},"compId":203},{"type":"Script","props":{"runtime":"script/Game/RecommendChange.ts"},"compId":212}]},{"type":"Image","props":{"y":149,"x":626,"width":71,"var":"CloseBtn","skin":"sign/X.png","name":"CloseBtn","height":71},"compId":9},{"type":"Image","props":{"y":1090,"x":272.5,"var":"ADBtn","skin":"Active/kanshiping.png","sizeGrid":"0,0,0,0","name":"ADBtn"},"compId":287,"child":[{"type":"Label","props":{"y":12,"x":64,"width":80,"valign":"middle","text":"0/5","name":"TaskPre","height":43,"fontSize":40,"color":"#fd6892","bold":true,"align":"center"},"compId":288}]}]}],"loadList":["common/mask.png","Recommend/kuang.png","Recommend/biaoti.png","Recommend/di.png","Recommend/daojukuang.png","Cloth/Hair/30201.png","Recommend/txt_yiyongyou.png","Body/lian.png","Cloth/Up/10102.png","sign/X.png","Active/kanshiping.png"],"loadList3D":[]}