{"type":"View","props":{"zOrder":-10,"width":720,"visible":true,"top":0,"right":0,"left":0,"height":1280,"bottom":0,"bgColor":"#000000"},"compId":2,"child":[{"type":"Image","props":{"zOrder":-10,"top":0,"skin":"main/4.png","right":0,"left":0,"bottom":0},"compId":765},{"type":"Image","props":{"width":720,"visible":true,"var":"BG","scaleX":1,"name":"BG","height":1280,"centerY":0,"centerX":0,"anchorY":0.5,"anchorX":0.5},"compId":518,"child":[{"type":"Image","props":{"var":"ActiveBtn","top":420,"skin":"main/anniu_chuchaung.png","right":614,"name":"ActiveBtn"},"compId":694},{"type":"Image","props":{"y":541,"x":614,"var":"Share","skin":"main/anniu_paizhao.png","name":"Share"},"compId":701},{"type":"Image","props":{"y":672,"x":614,"var":"ClothReceive","skin":"main/anniu_zhongzhi.png","name":"ClothReceive"},"compId":702},{"type":"Image","props":{"y":541,"x":14,"var":"PhotoBtn","skin":"main/anniu_xiance.png","name":"PhotoBtn"},"compId":826},{"type":"Image","props":{"y":124.5,"x":659,"width":89,"visible":false,"var":"ClockBtn","skin":"main/NZ.png","scaleY":1,"scaleX":1,"name":"ClockBtn","height":81,"anchorY":0.5,"anchorX":0.5},"compId":827},{"type":"Image","props":{"y":46,"x":156,"width":132,"visible":false,"var":"Wing","skin":"Cloth/ACC/50404.png","name":"Wing","height":90,"anchorY":0.5,"anchorX":0.5},"compId":860},{"type":"Image","props":{"y":467,"x":659,"visible":false,"var":"FenxiangBtn","skin":"main/anniu_fenxiang.png","skewY":0,"scaleX":1,"name":"FenxiangBtn","anchorY":0.5,"anchorX":0.5},"compId":956},{"type":"Image","props":{"y":57.5,"x":57,"var":"MusicBtn","skin":"main/shezhi_di.png","name":"MusicBtn","anchorY":0.5,"anchorX":0.5},"compId":957,"child":[{"type":"Image","props":{"skin":"main/shezhi_yinfu.png","centerY":0,"centerX":-4,"anchorY":0.5,"anchorX":0.5},"compId":958},{"type":"Image","props":{"visible":false,"skin":"main/shezhi_x.png","name":"No","centerY":0,"centerX":0},"compId":959}]},{"type":"Image","props":{"y":205.5,"x":592,"visible":true,"var":"Pick","skin":"PK/tubiao_pk.png"},"compId":1089},{"type":"Image","props":{"y":417.5,"x":615.5,"visible":true,"var":"DuihuanBtn","skin":"main/anniu.png","name":"DuihuanBtn"},"compId":1138},{"type":"Image","props":{"y":107,"x":23.5,"visible":true,"var":"Notice","skin":"main/gonggao.png","name":"Notice"},"compId":1140},{"type":"Image","props":{"y":300,"x":14,"var":"Combine","skin":"main/huagongzhu.png","name":"Combine"},"compId":1147},{"type":"Image","props":{"y":300,"x":611.5,"var":"Draw","skin":"main/tubiao.png","name":"Draw"},"compId":1148,"child":[{"type":"Image","props":{"y":35.5,"x":34.5,"visible":false,"skin":"Combine/bofang.png","name":"AD"},"compId":1150}]},{"type":"Label","props":{"y":4,"x":566,"width":151,"visible":false,"var":"CharmValue","valign":"middle","text":"魅力值:0","name":"CharmValue","height":54,"fontSize":30,"font":"Microsoft YaHei","bold":true},"compId":1149}]},{"type":"Box","props":{"zOrder":2,"width":720,"var":"FemaleRoot","scaleY":0.8,"scaleX":0.8,"name":"FemaleRoot","height":1280,"centerY":-193,"centerX":-30,"anchorY":0.3,"anchorX":0.5},"compId":519,"child":[{"type":"Image","props":{"zOrder":-9,"width":231,"skin":"Body/lian.png","name":"Body","height":806,"centerY":0,"centerX":14,"anchorY":0.5,"anchorX":0.5},"compId":520},{"type":"Image","props":{"zOrder":4,"var":"Hair","skin":"Cloth/Hair/40601.png","name":"Hair","centerY":-343,"centerX":14,"anchorY":0.5,"anchorX":0.5},"compId":522},{"type":"Image","props":{"zOrder":3,"var":"Hair1","skin":"Cloth/Hair/30301_2.png","name":"Hair1","centerY":-304.7,"centerX":91.3,"anchorY":0.5,"anchorX":0.5},"compId":523},{"type":"Image","props":{"zOrder":-7,"var":"Ornament","skin":"Cloth/ACC/40605.png","scaleY":1,"name":"Ornament","centerY":-167,"centerX":-11,"anchorY":0.5,"anchorX":0.5},"compId":524},{"type":"Image","props":{"zOrder":4,"var":"Shirt","skin":"Cloth/Up/10102.png","name":"Shirt","centerY":-126,"centerX":5,"anchorY":0.5,"anchorX":0.5},"compId":525},{"type":"Image","props":{"zOrder":4,"var":"Shirt1","skin":"Cloth/Up/10102.png","name":"Shirt1","centerY":-106,"centerX":15,"anchorY":0.5,"anchorX":0.5},"compId":526},{"type":"Image","props":{"zOrder":3,"var":"Trousers","skin":"Cloth/Up/10102.png","name":"Trousers","centerY":-55,"centerX":7,"anchorY":0.5,"anchorX":0.5},"compId":527},{"type":"Image","props":{"zOrder":3,"var":"Trousers1","skin":"Cloth/Up/10102.png","name":"Trousers1","centerY":-44,"centerX":74,"anchorY":0.5,"anchorX":0.5},"compId":528},{"type":"Image","props":{"zOrder":5,"var":"Dress","skin":"Cloth/Dress/70201.png","name":"Dress","centerY":31,"centerX":26,"anchorY":0.5,"anchorX":0.5},"compId":529},{"type":"Image","props":{"zOrder":3,"var":"Socks","skin":"Cloth/Scoks/40603.png","name":"Socks","centerY":208,"centerX":22,"anchorY":0.5,"anchorX":0.5},"compId":540},{"type":"Image","props":{"zOrder":3,"var":"Dress1","skin":"Cloth/Dress/40402_2.png","name":"Dress1","centerY":1,"centerX":22,"anchorY":0.5,"anchorX":0.5},"compId":541},{"type":"Image","props":{"zOrder":-20,"var":"Ornament1","skin":"Cloth/ACC/10106_2.png","name":"Ornament1","centerY":-363,"centerX":9,"anchorY":0.5,"anchorX":0.5},"compId":530},{"type":"Image","props":{"zOrder":4,"var":"Shose","skin":"Cloth/Shoes/40604.png","name":"Shose","centerY":359,"centerX":23,"anchorY":0.5,"anchorX":0.5},"compId":531},{"type":"Image","props":{"zOrder":0,"var":"Socks1","skin":"Cloth/Up/10102.png","name":"Socks1","centerY":-6.103516,"centerX":3.051758,"anchorY":0.5,"anchorX":0.5},"compId":532},{"type":"Image","props":{"zOrder":4,"var":"Shose1","skin":"Cloth/Shoes/50303_2.png","name":"Shose1","centerY":331,"centerX":40,"anchorY":0.5,"anchorX":0.5},"compId":533},{"type":"Image","props":{"zOrder":4,"var":"Coat","skin":"Cloth/Up/10102.png","name":"Coat","centerY":-231.7,"centerX":21.4,"anchorY":0.5,"anchorX":0.5},"compId":534},{"type":"Image","props":{"zOrder":0,"var":"Coat1","skin":"Cloth/Up/10102.png","name":"Coat1","centerY":-166,"centerX":9.800001,"anchorY":0.5,"anchorX":0.5},"compId":535},{"type":"Image","props":{"zOrder":-10,"var":"Shadow","skin":"Body/yinying.png","name":"Shadow","centerY":382,"centerX":24},"compId":536},{"type":"Script","props":{"runtime":"script/Game/ClothChange.ts"},"compId":542},{"type":"Box","props":{"y":-2,"x":1,"width":738,"visible":false,"name":"Star","height":600},"compId":911,"child":[{"type":"Image","props":{"y":264,"x":521,"width":83,"skin":"Active/star.png","scaleX":1,"name":"star0","height":94,"anchorY":0.5,"anchorX":0.5},"compId":906},{"type":"Image","props":{"y":401,"x":198,"width":89,"skin":"Active/star.png","name":"star1","height":106,"anchorY":0.5,"anchorX":0.5},"compId":907},{"type":"Image","props":{"y":466,"x":536,"width":98,"skin":"Active/star.png","name":"star2","height":114,"anchorY":0.5,"anchorX":0.5},"compId":908},{"type":"Image","props":{"y":285,"x":265,"width":87,"skin":"Active/star.png","name":"star3","height":99,"anchorY":0.5,"anchorX":0.5},"compId":909},{"type":"Image","props":{"y":507,"x":166,"width":87,"skin":"Active/star.png","name":"star4","height":99,"anchorY":0.5,"anchorX":0.5},"compId":912}]},{"type":"Image","props":{"zOrder":-10,"y":118,"x":-310,"visible":false,"var":"Man","skin":"nv/human.png","scaleY":0.55,"scaleX":0.55,"name":"Man"},"compId":1119}]},{"type":"Box","props":{"zOrder":10,"width":720,"var":"BagALL","height":485,"centerX":0,"bottom":-37},"compId":543,"child":[{"type":"Image","props":{"zOrder":9,"skin":"main/di.png","centerX":0,"bottom":0},"compId":704},{"type":"Box","props":{"zOrder":10,"y":-1,"width":720,"var":"ShowView","name":"ShowView","height":486,"centerX":0},"compId":569,"child":[{"type":"Image","props":{"zOrder":10,"var":"ClothOpenBtn","top":-123,"skin":"main/anniu_shang.png","rotation":180,"name":"ClothOpenBtn","left":16,"anchorY":0.5,"anchorX":0.5},"compId":693},{"type":"Box","props":{"zOrder":10,"top":15,"right":0,"name":"hair","left":0,"bottom":0},"compId":656,"child":[{"type":"List","props":{"width":560,"var":"hairList","spaceY":7,"spaceX":7,"name":"hairList","left":14,"height":309,"bottom":57},"compId":571,"child":[{"type":"Box","props":{"y":0,"x":0,"width":133,"styleSkin":"UI/2.jpg","renderType":"render","name":"SkinChose","height":133},"compId":572,"child":[{"type":"Image","props":{"zOrder":0,"width":127,"skin":"main/daojukuang.png","name":"BG","height":127,"centerY":0,"centerX":0},"compId":574},{"type":"Image","props":{"zOrder":0,"width":133,"skin":"main/daojukuang_xuanzhong.png","name":"Select","height":133,"centerY":0,"centerX":0},"compId":579},{"type":"Image","props":{"zOrder":0,"y":4,"x":4,"skin":"Btnbar/xing1.png","name":"Star"},"compId":578},{"type":"Box","props":{"zOrder":0,"width":189,"name":"IconParent","height":120,"centerY":0,"centerX":0},"compId":665,"child":[{"type":"Image","props":{"zOrder":0,"skin":"Cloth/Hair/30201.png","name":"Icon","centerY":0,"centerX":0},"compId":573}]},{"type":"Image","props":{"zOrder":0,"skin":"main/zhezhao.png","name":"Lock","centerY":0,"centerX":0},"compId":575,"child":[{"type":"Image","props":{"zOrder":0,"skin":"main/suo.png","centerY":0,"centerX":0},"compId":576},{"type":"Image","props":{"zOrder":0,"width":40,"skin":"main/shiping.png","right":0,"height":40,"bottom":0},"compId":577}]},{"type":"Script","props":{"runtime":"script/Game/UI/Bag/SkinItem.ts"},"compId":582}]},{"type":"Script","props":{"runtime":"script/Game/UI/Bag/HairList.ts"},"compId":581}]}]},{"type":"Box","props":{"zOrder":10,"top":16,"right":0,"name":"dress","left":0,"bottom":0},"compId":657,"child":[{"type":"List","props":{"width":560,"var":"dressList","spaceY":7,"spaceX":7,"name":"dressList","left":14,"height":309,"bottom":57},"compId":583,"child":[{"type":"Script","props":{"runtime":"script/Game/UI/Bag/DressList.ts"},"compId":649},{"type":"Box","props":{"y":0,"x":0,"width":133,"styleSkin":"UI/2.jpg","renderType":"render","name":"SkinChose","height":133},"compId":766,"child":[{"type":"Image","props":{"zOrder":0,"skin":"main/daojukuang.png","name":"BG","centerY":0,"centerX":0},"compId":767},{"type":"Image","props":{"zOrder":0,"width":133,"skin":"main/daojukuang_xuanzhong.png","name":"Select","height":133,"centerY":0,"centerX":0},"compId":768},{"type":"Image","props":{"zOrder":0,"y":4,"x":4,"skin":"Btnbar/xing1.png","name":"Star"},"compId":769},{"type":"Box","props":{"zOrder":0,"name":"IconParent","centerY":0,"centerX":0},"compId":770,"child":[{"type":"Image","props":{"zOrder":0,"skin":"Cloth/Hair/30201.png","name":"Icon","centerY":0,"centerX":0},"compId":771}]},{"type":"Image","props":{"zOrder":0,"skin":"main/zhezhao.png","name":"Lock","centerY":0,"centerX":0},"compId":772,"child":[{"type":"Image","props":{"zOrder":0,"skin":"main/suo.png","centerY":0,"centerX":0},"compId":773},{"type":"Image","props":{"zOrder":0,"y":10,"x":10,"width":40,"skin":"main/shiping.png","right":0,"height":40,"bottom":0},"compId":960}]},{"type":"Script","props":{"runtime":"script/Game/UI/Bag/SkinItem.ts"},"compId":775}]}]}]},{"type":"Box","props":{"zOrder":10,"top":15,"right":0,"name":"ornament","left":0,"bottom":0},"compId":658,"child":[{"type":"List","props":{"width":560,"var":"ornamentList","spaceY":7,"spaceX":7,"name":"ornamentList","left":14,"height":309,"bottom":57},"compId":638,"child":[{"type":"Script","props":{"runtime":"script/Game/UI/Bag/AccList.ts"},"compId":654},{"type":"Box","props":{"y":0,"x":0,"width":133,"styleSkin":"UI/2.jpg","renderType":"render","name":"SkinChose","height":133},"compId":776,"child":[{"type":"Image","props":{"zOrder":0,"skin":"main/daojukuang.png","name":"BG","centerY":0,"centerX":0},"compId":777},{"type":"Image","props":{"zOrder":0,"width":133,"skin":"main/daojukuang_xuanzhong.png","name":"Select","height":133,"centerY":0,"centerX":0},"compId":778},{"type":"Image","props":{"zOrder":0,"y":4,"x":4,"skin":"Btnbar/xing1.png","name":"Star"},"compId":779},{"type":"Box","props":{"zOrder":0,"name":"IconParent","centerY":0,"centerX":0},"compId":780,"child":[{"type":"Image","props":{"zOrder":0,"skin":"Cloth/Hair/30201.png","name":"Icon","centerY":0,"centerX":0},"compId":781}]},{"type":"Image","props":{"zOrder":0,"skin":"main/zhezhao.png","name":"Lock","centerY":0,"centerX":0},"compId":782,"child":[{"type":"Image","props":{"zOrder":0,"skin":"main/suo.png","centerY":0,"centerX":0},"compId":783},{"type":"Image","props":{"zOrder":0,"y":20,"x":20,"width":40,"skin":"main/shiping.png","right":0,"height":40,"bottom":0},"compId":961}]},{"type":"Script","props":{"runtime":"script/Game/UI/Bag/SkinItem.ts"},"compId":785}]}]}]},{"type":"Box","props":{"zOrder":10,"top":15,"right":0,"name":"shose","left":0,"bottom":0},"compId":659,"child":[{"type":"List","props":{"width":560,"var":"shoseList","spaceY":7,"spaceX":7,"name":"shoseList","left":14,"height":309,"bottom":57},"compId":627,"child":[{"type":"Script","props":{"runtime":"script/Game/UI/Bag/ShoesList.ts"},"compId":653},{"type":"Box","props":{"y":0,"x":0,"width":133,"styleSkin":"UI/2.jpg","renderType":"render","name":"SkinChose","height":133},"compId":786,"child":[{"type":"Image","props":{"zOrder":0,"skin":"main/daojukuang.png","name":"BG","centerY":0,"centerX":0},"compId":787},{"type":"Image","props":{"zOrder":0,"width":133,"skin":"main/daojukuang_xuanzhong.png","name":"Select","height":133,"centerY":0,"centerX":0},"compId":788},{"type":"Image","props":{"zOrder":0,"y":4,"x":4,"skin":"Btnbar/xing1.png","name":"Star"},"compId":789},{"type":"Box","props":{"zOrder":0,"name":"IconParent","centerY":0,"centerX":0},"compId":790,"child":[{"type":"Image","props":{"zOrder":0,"skin":"Cloth/Hair/30201.png","name":"Icon","centerY":0,"centerX":0},"compId":791}]},{"type":"Image","props":{"zOrder":0,"skin":"main/zhezhao.png","name":"Lock","centerY":0,"centerX":0},"compId":792,"child":[{"type":"Image","props":{"zOrder":0,"skin":"main/suo.png","centerY":0,"centerX":0},"compId":793},{"type":"Image","props":{"zOrder":0,"y":30,"x":30,"width":40,"skin":"main/shiping.png","right":0,"height":40,"bottom":0},"compId":962}]},{"type":"Script","props":{"runtime":"script/Game/UI/Bag/SkinItem.ts"},"compId":795}]}]}]},{"type":"Box","props":{"zOrder":10,"top":15,"right":0,"name":"socks","left":0,"bottom":0},"compId":660,"child":[{"type":"List","props":{"width":560,"var":"socksList","spaceY":5,"spaceX":7,"name":"socksList","left":14,"height":309,"bottom":57},"compId":616,"child":[{"type":"Script","props":{"runtime":"script/Game/UI/Bag/SockList.ts"},"compId":652},{"type":"Box","props":{"y":0,"x":0,"width":133,"styleSkin":"UI/2.jpg","renderType":"render","name":"SkinChose","height":133},"compId":796,"child":[{"type":"Image","props":{"zOrder":0,"skin":"main/daojukuang.png","name":"BG","centerY":0,"centerX":0},"compId":797},{"type":"Image","props":{"zOrder":0,"width":133,"skin":"main/daojukuang_xuanzhong.png","name":"Select","height":133,"centerY":0,"centerX":0},"compId":798},{"type":"Image","props":{"zOrder":0,"y":4,"x":4,"skin":"Btnbar/xing1.png","name":"Star"},"compId":799},{"type":"Box","props":{"zOrder":0,"name":"IconParent","centerY":0,"centerX":0},"compId":800,"child":[{"type":"Image","props":{"zOrder":0,"skin":"Cloth/Hair/30201.png","name":"Icon","centerY":0,"centerX":0},"compId":801}]},{"type":"Image","props":{"zOrder":0,"skin":"main/zhezhao.png","name":"Lock","centerY":0,"centerX":0},"compId":802,"child":[{"type":"Image","props":{"zOrder":0,"skin":"main/suo.png","centerY":0,"centerX":0},"compId":803},{"type":"Image","props":{"zOrder":0,"y":40,"x":40,"width":40,"skin":"main/shiping.png","right":0,"height":40,"bottom":0},"compId":963}]},{"type":"Script","props":{"runtime":"script/Game/UI/Bag/SkinItem.ts"},"compId":805}]}]}]},{"type":"Box","props":{"zOrder":10,"top":15,"right":0,"name":"shirt","left":0,"bottom":0},"compId":661,"child":[{"type":"List","props":{"width":560,"var":"shirtList","spaceY":5,"spaceX":7,"name":"shirtList","left":14,"height":309,"bottom":57},"compId":594,"child":[{"type":"Script","props":{"runtime":"script/Game/UI/Bag/UpList.ts"},"compId":655},{"type":"Box","props":{"y":0,"x":0,"width":133,"styleSkin":"UI/2.jpg","renderType":"render","name":"SkinChose","height":133},"compId":806,"child":[{"type":"Image","props":{"zOrder":0,"skin":"main/daojukuang.png","name":"BG","centerY":0,"centerX":0},"compId":807},{"type":"Image","props":{"zOrder":0,"width":133,"skin":"main/daojukuang_xuanzhong.png","name":"Select","height":133,"centerY":0,"centerX":0},"compId":808},{"type":"Image","props":{"zOrder":0,"y":4,"x":4,"skin":"Btnbar/xing1.png","name":"Star"},"compId":809},{"type":"Box","props":{"zOrder":0,"name":"IconParent","centerY":0,"centerX":0},"compId":810,"child":[{"type":"Image","props":{"zOrder":0,"skin":"Cloth/Hair/30201.png","name":"Icon","centerY":0,"centerX":0},"compId":811}]},{"type":"Image","props":{"zOrder":0,"skin":"main/zhezhao.png","name":"Lock","centerY":0,"centerX":0},"compId":812,"child":[{"type":"Image","props":{"zOrder":0,"skin":"main/suo.png","centerY":0,"centerX":0},"compId":813},{"type":"Image","props":{"zOrder":0,"y":50,"x":50,"width":40,"skin":"main/shiping.png","right":0,"height":40,"bottom":0},"compId":964}]},{"type":"Script","props":{"runtime":"script/Game/UI/Bag/SkinItem.ts"},"compId":815}]}]}]},{"type":"Box","props":{"zOrder":10,"width":720,"top":15,"right":0,"name":"trousers","left":0,"height":222,"bottom":0},"compId":662,"child":[{"type":"List","props":{"width":560,"var":"trousersList","spaceY":5,"spaceX":7,"name":"trousersList","left":14,"height":309,"bottom":57},"compId":605,"child":[{"type":"Script","props":{"runtime":"script/Game/UI/Bag/DownList.ts"},"compId":651},{"type":"Box","props":{"y":0,"x":0,"width":133,"styleSkin":"UI/2.jpg","renderType":"render","name":"SkinChose","height":133},"compId":816,"child":[{"type":"Image","props":{"zOrder":0,"skin":"main/daojukuang.png","name":"BG","centerY":0,"centerX":0},"compId":817},{"type":"Image","props":{"zOrder":0,"width":133,"skin":"main/daojukuang_xuanzhong.png","name":"Select","height":133,"centerY":0,"centerX":0},"compId":818},{"type":"Image","props":{"zOrder":0,"y":4,"x":4,"skin":"Btnbar/xing1.png","name":"Star"},"compId":819},{"type":"Box","props":{"zOrder":0,"name":"IconParent","centerY":0,"centerX":0},"compId":820,"child":[{"type":"Image","props":{"zOrder":0,"skin":"Cloth/Hair/30201.png","name":"Icon","centerY":0,"centerX":0},"compId":821}]},{"type":"Image","props":{"zOrder":0,"skin":"main/zhezhao.png","name":"Lock","centerY":0,"centerX":0},"compId":822,"child":[{"type":"Image","props":{"zOrder":0,"skin":"main/suo.png","centerY":0,"centerX":0},"compId":823},{"type":"Image","props":{"zOrder":0,"y":60,"x":60,"width":40,"skin":"main/shiping.png","right":0,"height":40,"bottom":0},"compId":965}]},{"type":"Script","props":{"runtime":"script/Game/UI/Bag/SkinItem.ts"},"compId":825}]}]}]}]},{"type":"Box","props":{"zOrder":10,"width":729,"var":"BtnBar","top":23,"name":"BtnBar","height":65,"centerX":0},"compId":548,"child":[{"type":"List","props":{"width":713,"spaceX":27,"repeatY":0,"name":"ListBtn","height":70,"centerY":-5,"centerX":0},"compId":681,"child":[{"type":"Box","props":{"x":22,"width":74,"scaleY":1,"scaleX":1,"renderType":"render","height":70,"centerY":-11},"compId":692,"child":[{"type":"Image","props":{"zOrder":10,"skin":"Btnbar/dress.png","name":"Btn","centerY":0,"centerX":0},"compId":689},{"type":"Image","props":{"zOrder":10,"skin":"Btnbar/dress1.png","name":"icon","centerY":0,"centerX":0},"compId":690},{"type":"Script","props":{"y":0,"x":27,"runtime":"script/Game/UI/Bag/ClothBtn.ts"},"compId":691}]}]},{"type":"Box","props":{"y":3,"width":144,"visible":false,"styleSkin":"UI/31.png","name":"Hair","height":60,"centerX":-157},"compId":554,"child":[{"type":"Image","props":{"y":11,"x":47.5,"width":49,"skin":"Btnbar/hair.png","height":38},"compId":562}]},{"type":"Box","props":{"y":3,"width":144,"visible":false,"styleSkin":"UI/31.png","name":"Up","height":60,"centerX":0},"compId":555,"child":[{"type":"Image","props":{"y":10,"x":50.5,"width":43,"skin":"Btnbar/shirt.png","height":40},"compId":561}]},{"type":"Box","props":{"width":144,"visible":false,"styleSkin":"UI/31.png","name":"Down","height":60,"centerY":32,"centerX":-240},"compId":556,"child":[{"type":"Image","props":{"y":10.5,"x":59,"width":26,"skin":"Btnbar/trousers.png","height":39},"compId":563}]},{"type":"Box","props":{"width":144,"visible":false,"styleSkin":"UI/31.png","name":"Shoes","height":60,"centerY":32,"centerX":-80},"compId":557,"child":[{"type":"Image","props":{"y":12.5,"x":46.5,"width":51,"skin":"Btnbar/shose.png","height":35},"compId":564}]},{"type":"Box","props":{"width":144,"visible":false,"styleSkin":"UI/31.png","name":"Dress","height":60,"centerY":32,"centerX":80},"compId":558,"child":[{"type":"Image","props":{"y":8,"x":49,"width":46,"skin":"Btnbar/dress.png","height":44},"compId":565}]},{"type":"Box","props":{"y":0,"width":144,"visible":false,"styleSkin":"UI/31.png","name":"Acc","height":60,"centerX":157},"compId":559,"child":[{"type":"Image","props":{"y":8.5,"x":37,"skin":"Btnbar/ornament.png"},"compId":566}]},{"type":"Box","props":{"width":144,"visible":false,"styleSkin":"UI/31.png","name":"Sock","height":60,"centerY":32,"centerX":240},"compId":560,"child":[{"type":"Image","props":{"y":10.5,"x":49,"skin":"Btnbar/socks.png"},"compId":567}]}]},{"type":"Script","props":{"runtime":"script/Game/UI/Bag/BagListController.ts"},"compId":580},{"type":"Box","props":{"zOrder":10,"width":133,"name":"P201","height":133,"centerY":-43,"centerX":282,"anchorY":0.5,"anchorX":0.5},"compId":1053,"child":[{"type":"Image","props":{"width":133,"skin":"main/daojukuang.png","name":"icon","height":133,"centerY":0,"centerX":0,"anchorY":0.5,"anchorX":0.5},"compId":1054,"child":[{"type":"Image","props":{"width":133,"skin":"main/daojukuang_xuanzhong.png","name":"kk","height":133,"centerX":0},"compId":1055},{"type":"Image","props":{"width":23,"visible":false,"skin":"TJ/Promo/image/y1.png","name":"flag1","height":23,"centerY":-45,"centerX":45,"anchorY":0.5,"anchorX":0.5},"compId":1056},{"type":"Image","props":{"width":45,"visible":false,"skin":"TJ/Promo/image/hb2.png","name":"flag2","height":23,"centerY":-44,"centerX":40,"anchorY":0.5,"anchorX":0.5},"compId":1057},{"type":"Image","props":{"width":45,"visible":false,"skin":"TJ/Promo/image/rm3.png","name":"flag3","height":23,"centerY":-44,"centerX":40,"anchorY":0.5,"anchorX":0.5},"compId":1058}]},{"type":"Label","props":{"wordWrap":false,"width":105,"valign":"middle","text":"这里是游戏名称","name":"name","multiline":false,"mouseEnabled":false,"height":18,"fontSize":15,"editable":false,"centerY":54,"centerX":0,"anchorY":0.5,"anchorX":0.5,"align":"center"},"compId":1059},{"type":"Script","props":{"runtime":"TJ/Promo/script/PromoItem.ts"},"compId":1060},{"type":"Script","props":{"runtime":"TJ/Promo/script/ButtonScale.ts"},"compId":1061},{"type":"Script","props":{"shake":false,"runtime":"TJ/Promo/script/P201.ts"},"compId":1062}]},{"type":"Box","props":{"zOrder":10,"width":133,"name":"P201","height":133,"centerY":109,"centerX":282,"anchorY":0.5,"anchorX":0.5},"compId":1063,"child":[{"type":"Image","props":{"width":133,"skin":"main/daojukuang.png","name":"icon","height":133,"centerY":0,"centerX":0,"anchorY":0.5,"anchorX":0.5},"compId":1064,"child":[{"type":"Image","props":{"y":1,"width":133,"skin":"main/daojukuang_xuanzhong.png","name":"kk","height":133,"centerX":0},"compId":1065},{"type":"Image","props":{"width":23,"visible":false,"skin":"TJ/Promo/image/y1.png","name":"flag1","height":23,"centerY":-44,"centerX":45,"anchorY":0.5,"anchorX":0.5},"compId":1066},{"type":"Image","props":{"width":45,"visible":false,"skin":"TJ/Promo/image/hb2.png","name":"flag2","height":23,"centerY":-43,"centerX":40,"anchorY":0.5,"anchorX":0.5},"compId":1067},{"type":"Image","props":{"width":45,"visible":false,"skin":"TJ/Promo/image/rm3.png","name":"flag3","height":23,"centerY":-43,"centerX":40,"anchorY":0.5,"anchorX":0.5},"compId":1068}]},{"type":"Label","props":{"wordWrap":false,"width":105,"valign":"middle","text":"这里是游戏名称","name":"name","multiline":false,"mouseEnabled":false,"height":18,"fontSize":15,"editable":false,"centerY":54,"centerX":0,"anchorY":0.5,"anchorX":0.5,"align":"center"},"compId":1069},{"type":"Script","props":{"runtime":"TJ/Promo/script/PromoItem.ts"},"compId":1070},{"type":"Script","props":{"runtime":"TJ/Promo/script/ButtonScale.ts"},"compId":1071},{"type":"Script","props":{"shake":false,"runtime":"TJ/Promo/script/P201.ts"},"compId":1072}]}]},{"type":"Image","props":{"zOrder":20,"visible":true,"var":"UIPickReward1","top":0,"skin":"PK/heidi.png","right":0,"left":0,"bottom":0},"compId":1111,"child":[{"type":"Box","props":{"width":720,"height":1280,"centerY":0,"centerX":0},"compId":1107,"child":[{"type":"Image","props":{"skin":"PK/tu_3.png"},"compId":1108},{"type":"Image","props":{"y":1020,"x":231,"var":"LiKeChuDaoBtn","skin":"PK/anniu_like.png"},"compId":1109},{"type":"Image","props":{"y":33,"x":607,"var":"CloseBtn","skin":"sign/X.png"},"compId":1110}]}]},{"type":"Image","props":{"zOrder":20,"y":0,"x":0,"visible":true,"var":"UIWedding","top":0,"skin":"PK/heidi.png","right":0,"name":"UIWedding","left":0,"bottom":0},"compId":1114,"child":[{"type":"Box","props":{"width":720,"height":1280,"centerY":0,"centerX":0},"compId":1115,"child":[{"type":"Image","props":{"y":51,"x":0,"skin":"main/xuancuangtu.png"},"compId":1116},{"type":"Image","props":{"y":877,"x":229,"var":"QianWangBtn","skin":"main/dainji.png"},"compId":1117},{"type":"Image","props":{"y":33,"x":607,"var":"WeddingCloseBtn","skin":"sign/X.png"},"compId":1118}]}]},{"type":"Image","props":{"zOrder":20,"visible":false,"var":"UIWeddingShare","top":0,"skin":"PK/heidi.png","right":0,"left":0,"bottom":0},"compId":1120,"child":[{"type":"Box","props":{"width":720,"height":1280,"centerY":0,"centerX":0},"compId":1123,"child":[{"type":"Image","props":{"y":0,"x":0,"skin":"nv/beijing.png"},"compId":1124},{"type":"Image","props":{"y":1068,"x":229,"var":"ShareBtn","skin":"PK/anniu_fenxaing.png"},"compId":1121},{"type":"Image","props":{"y":64,"x":64,"var":"WeddingBackBtn","skin":"main/anniu_xia.png","rotation":90,"anchorY":0.5,"anchorX":0.5},"compId":1122}]}]},{"type":"Image","props":{"zOrder":20,"visible":false,"var":"UICombine","top":0,"skin":"main/BG.png","right":0,"name":"UICombine","left":0,"bottom":0},"compId":1131,"child":[{"type":"Box","props":{"width":720,"height":1280,"centerY":0,"centerX":0},"compId":1132,"child":[{"type":"Image","props":{"y":213,"x":157,"skin":"Combine/1/17.png"},"compId":1133},{"type":"Image","props":{"y":885,"x":207,"var":"ConfirmBtn","skin":"Combine/1/18.png"},"compId":1134,"child":[{"type":"Image","props":{"y":33,"x":79,"width":130,"skin":"Combine/1/sure.png","height":62},"compId":1137}]},{"type":"Image","props":{"y":738,"x":56.5,"skin":"Combine/1/welcome.png"},"compId":1135}]}]}],"loadList":["main/4.png","main/anniu_chuchaung.png","main/anniu_paizhao.png","main/anniu_zhongzhi.png","main/anniu_xiance.png","main/NZ.png","Cloth/ACC/50404.png","main/anniu_fenxiang.png","main/shezhi_di.png","main/shezhi_yinfu.png","main/shezhi_x.png","PK/tubiao_pk.png","main/anniu.png","main/gonggao.png","main/huagongzhu.png","main/tubiao.png","Combine/bofang.png","Body/lian.png","Cloth/Hair/40601.png","Cloth/Hair/30301_2.png","Cloth/ACC/40605.png","Cloth/Up/10102.png","Cloth/Dress/70201.png","Cloth/Scoks/40603.png","Cloth/Dress/40402_2.png","Cloth/ACC/10106_2.png","Cloth/Shoes/40604.png","Cloth/Shoes/50303_2.png","Body/yinying.png","Active/star.png","nv/human.png","main/di.png","main/anniu_shang.png","UI/2.jpg","main/daojukuang.png","main/daojukuang_xuanzhong.png","Btnbar/xing1.png","Cloth/Hair/30201.png","main/zhezhao.png","main/suo.png","main/shiping.png","Btnbar/dress.png","Btnbar/dress1.png","UI/31.png","Btnbar/hair.png","Btnbar/shirt.png","Btnbar/trousers.png","Btnbar/shose.png","Btnbar/ornament.png","Btnbar/socks.png","TJ/Promo/image/y1.png","TJ/Promo/image/hb2.png","TJ/Promo/image/rm3.png","PK/heidi.png","PK/tu_3.png","PK/anniu_like.png","sign/X.png","main/xuancuangtu.png","main/dainji.png","nv/beijing.png","PK/anniu_fenxaing.png","main/anniu_xia.png","main/BG.png","Combine/1/17.png","Combine/1/18.png","Combine/1/sure.png","Combine/1/welcome.png"],"loadList3D":[]}