{"type":"View","props":{"width":720,"top":0,"right":0,"left":0,"height":1280,"bottom":0},"compId":2,"child":[{"type":"Image","props":{"y":0,"x":0,"top":0,"skin":"game/s8.png","right":0,"left":0,"bottom":0,"sizeGrid":"10,10,10,10"},"compId":98},{"type":"Box","props":{"width":552,"scaleY":0.8,"scaleX":0.8,"name":"P202","height":456,"centerX":0,"bottom":554,"anchorY":0.5,"anchorX":0.5},"compId":218,"child":[{"type":"Panel","props":{"top":0,"right":0,"name":"scroll","left":0,"elasticEnabled":false,"bottom":0,"anchorY":0.5,"anchorX":0.5},"compId":219,"child":[{"type":"List","props":{"y":0,"spaceY":20,"spaceX":20,"space":10,"right":0,"name":"layout","left":0,"height":470,"anchorY":0,"anchorX":0.5,"align":"middle"},"compId":220,"child":[{"type":"Box","props":{"y":114,"x":92,"width":164,"renderType":"render","name":"item","height":208,"anchorY":0.5,"anchorX":0.5},"compId":221,"child":[{"type":"Image","props":{"width":140,"skin":"TJ/Promo/image/jx8.png","name":"icon","height":140,"centerY":-22,"centerX":0,"anchorY":0.5,"anchorX":0.5},"compId":222,"child":[{"type":"Image","props":{"width":164,"skin":"TJ/Promo/image/kk3.png","name":"kk","height":208,"centerY":22,"centerX":0},"compId":223},{"type":"Image","props":{"width":83,"visible":false,"skin":"TJ/Promo/image/new2.png","name":"flag1","height":83,"centerY":-39,"centerX":39,"anchorY":0.5,"anchorX":0.5},"compId":224},{"type":"Image","props":{"width":83,"visible":false,"skin":"TJ/Promo/image/remen1.png","name":"flag2","height":83,"centerY":-39,"centerX":39,"anchorY":0.5,"anchorX":0.5},"compId":225},{"type":"Image","props":{"width":83,"visible":false,"skin":"TJ/Promo/image/tuijian2.png","name":"flag3","height":83,"centerY":-39,"centerX":39,"anchorY":0.5,"anchorX":0.5},"compId":226}]},{"type":"Label","props":{"wordWrap":false,"width":164,"valign":"middle","text":"这里是游戏名称","name":"name","multiline":false,"mouseEnabled":false,"height":19,"fontSize":16,"editable":false,"color":"#ffffff","centerY":65,"centerX":0,"anchorY":0.5,"anchorX":0.5,"align":"center"},"compId":227},{"type":"Label","props":{"wordWrap":false,"width":164,"valign":"middle","text":"1, 254, 546人在玩","name":"info","multiline":false,"mouseEnabled":false,"height":18,"fontSize":15,"editable":false,"color":"#ffffff","centerY":88,"centerX":0,"anchorY":0.5,"anchorX":0.5,"align":"center"},"compId":228},{"type":"Script","props":{"runtime":"TJ/Promo/script/PromoItem.ts"},"compId":229},{"type":"Script","props":{"runtime":"TJ/Promo/script/ButtonScale.ts"},"compId":230}]}]}]},{"type":"Script","props":{"runtime":"TJ/Promo/script/P202.ts"},"compId":231}]},{"type":"Image","props":{"x":1152,"width":466,"visible":false,"var":"Prg","skin":"uisettle/jindu_1.png","scaleY":1.1,"scaleX":1.1,"height":36,"bottom":981,"sizeGrid":"0,20,0,20"},"compId":150,"child":[{"type":"Image","props":{"y":0,"x":0,"top":0,"skin":"uisettle/jindu_2.png","right":0,"left":0,"bottom":0,"sizeGrid":"0,20,0,20"},"compId":151,"child":[{"type":"Image","props":{"y":-3,"x":0,"width":517,"skin":"common/white.png","renderType":"mask","height":45,"sizeGrid":"20,20,20,20"},"compId":152}]},{"type":"Image","props":{"y":3,"x":93,"skin":"uisettle/jindu_3.png"},"compId":154},{"type":"Image","props":{"y":3,"x":184,"skin":"uisettle/jindu_3.png"},"compId":155},{"type":"Image","props":{"y":3,"x":268,"skin":"uisettle/jindu_3.png"},"compId":156},{"type":"Image","props":{"y":1.5,"x":357,"skin":"uisettle/jindu_3.png"},"compId":157}]},{"type":"Image","props":{"y":198,"x":1329,"visible":false,"skin":"uisettle/jiangbei.png"},"compId":153},{"type":"Box","props":{"width":196,"visible":false,"var":"BtnHome2","styleSkin":"button/X.png","height":87,"centerX":0,"bottom":227},"compId":108,"child":[{"type":"Label","props":{"width":172,"visible":true,"valign":"middle","underline":true,"text":"不，谢谢","styleSkin":"button/X.png","height":50,"fontSize":25,"color":"#ffffff","centerY":0,"centerX":0,"anchorY":0.5,"anchorX":0.5,"align":"center"},"compId":163}]},{"type":"Sprite","props":{"y":812,"x":214.5,"texture":"uiready/shop.png"},"compId":251}],"loadList":["game/s8.png","TJ/Promo/image/jx8.png","TJ/Promo/image/kk3.png","TJ/Promo/image/new2.png","TJ/Promo/image/remen1.png","TJ/Promo/image/tuijian2.png","uisettle/jindu_1.png","uisettle/jindu_2.png","common/white.png","uisettle/jindu_3.png","uisettle/jiangbei.png","button/X.png","uiready/shop.png"],"loadList3D":[]}