{"type":"View","props":{"width":720,"top":0,"right":0,"left":0,"height":1280,"bottom":0},"compId":2,"child":[{"type":"Box","props":{"width":720,"height":1280},"compId":77,"child":[{"type":"Image","props":{"y":0,"x":0,"top":0,"skin":"common/black.png","right":0,"left":0,"bottom":0,"alpha":0.8,"sizeGrid":"10,10,10,10"},"compId":8},{"type":"Image","props":{"y":670,"x":360,"width":638,"var":"BtnShare","skin":"game/grv.png","height":410,"centerY":30,"anchorY":0.5,"anchorX":0.5},"compId":71,"child":[{"type":"Image","props":{"y":0,"x":0,"width":638,"skin":"game/grv.png","renderType":"mask","height":410},"compId":72},{"type":"Sprite","props":{"y":0,"x":0,"width":194,"texture":"common/gg.png","name":"FL","height":434},"compId":73}]},{"type":"Image","props":{"y":446,"x":651,"var":"BtnClose","skin":"game/close.png","centerY":-194,"anchorY":0.5,"anchorX":0.5},"compId":9}]}],"loadList":["common/black.png","game/grv.png","common/gg.png","game/close.png"],"loadList3D":[]}