{"type":"View","props":{"width":720,"top":0,"right":0,"left":0,"height":1280,"bottom":0},"compId":2,"child":[{"type":"Image","props":{"top":0,"skin":"common/mask.png","right":0,"left":0,"bottom":0,"sizeGrid":"10,10,10,10"},"compId":638},{"type":"Box","props":{"width":720,"name":"Bg","height":1280,"centerY":0,"centerX":0},"compId":639,"child":[{"type":"Image","props":{"y":107,"skin":"sign/di.png"},"compId":641,"child":[{"type":"Image","props":{"y":147,"x":174.5,"skin":"sign/qiandao.png"},"compId":727}]},{"type":"Image","props":{"y":365,"x":235,"skin":"sign/taozhuan.png"},"compId":699},{"type":"Image","props":{"y":446,"x":208,"skin":"sign/biaoji1.png"},"compId":701},{"type":"Image","props":{"y":667,"x":196,"skin":"sign/biaoji1.png"},"compId":717},{"type":"Image","props":{"y":466,"x":406,"skin":"sign/biaoji2.png"},"compId":718},{"type":"Image","props":{"y":979,"x":406,"skin":"sign/biaoji2.png"},"compId":719},{"type":"Box","props":{"width":720,"var":"SkinBtnBar","name":"SkinBtnBar","height":1280,"centerY":0,"centerX":0},"compId":644,"child":[{"type":"Image","props":{"y":403.5,"skin":"sign/kuang.png","name":"Btn1","left":102},"compId":642,"child":[{"type":"Image","props":{"y":-32,"x":35,"width":56,"skin":"UI/01.png","name":"day","height":23},"compId":654},{"type":"Image","props":{"skin":"Cloth/Hair/10301.png","name":"icon","centerY":0,"centerX":0},"compId":662},{"type":"Image","props":{"skin":"sign/zhezhao.png","name":"Lock","centerY":0,"centerX":0},"compId":670,"child":[{"type":"Image","props":{"y":42,"x":45,"visible":false,"skin":"UI/suo.png"},"compId":671}]},{"type":"Image","props":{"skin":"sign/lingqu.png","name":"Btn","centerY":87,"centerX":0},"compId":722},{"type":"Image","props":{"y":0,"x":0,"visible":false,"skin":"sign/buqian.png","name":"ADBtn","centerY":87,"centerX":0},"compId":729},{"type":"Script","props":{"runtime":"script/Game/UI/SignBtn.ts"},"compId":735}]},{"type":"Image","props":{"y":662.5,"x":102,"skin":"sign/kuang.png","name":"Btn1"},"compId":702,"child":[{"type":"Image","props":{"skin":"Cloth/Hair/10301.png","name":"icon"},"compId":703},{"type":"Image","props":{"top":0,"skin":"sign/zhezhao.png","name":"Lock","left":0},"compId":704,"child":[{"type":"Image","props":{"y":42,"x":45,"visible":false,"skin":"UI/suo.png"},"compId":705}]},{"type":"Image","props":{"y":-32,"x":34.5,"width":56,"skin":"UI/02.png","name":"day","height":23},"compId":706},{"type":"Image","props":{"y":0,"x":0,"visible":false,"skin":"sign/buqian.png","name":"ADBtn","centerY":87,"centerX":0},"compId":723},{"type":"Image","props":{"y":0,"x":0,"skin":"sign/lingqu.png","name":"Btn","centerY":87,"centerX":0},"compId":730},{"type":"Script","props":{"runtime":"script/Game/UI/SignBtn.ts"},"compId":734}]},{"type":"Image","props":{"y":432.5,"skin":"sign/kuang.png","name":"Btn1","left":501},"compId":707,"child":[{"type":"Image","props":{"skin":"Cloth/Hair/10301.png","name":"icon"},"compId":708},{"type":"Image","props":{"top":0,"skin":"sign/zhezhao.png","name":"Lock","left":0},"compId":709,"child":[{"type":"Image","props":{"y":42,"x":45,"visible":false,"skin":"UI/suo.png"},"compId":710}]},{"type":"Image","props":{"y":-32,"x":34.5,"width":56,"skin":"UI/03.png","name":"day","height":23},"compId":711},{"type":"Image","props":{"y":0,"x":0,"visible":false,"skin":"sign/buqian.png","name":"ADBtn","centerY":87,"centerX":0},"compId":724},{"type":"Image","props":{"y":0,"x":0,"skin":"sign/lingqu.png","name":"Btn","centerY":87,"centerX":0},"compId":731},{"type":"Script","props":{"runtime":"script/Game/UI/SignBtn.ts"},"compId":733}]},{"type":"Image","props":{"y":883,"skin":"sign/kuang.png","name":"Btn1","left":501},"compId":712,"child":[{"type":"Image","props":{"skin":"Cloth/Hair/10301.png","name":"icon"},"compId":713},{"type":"Image","props":{"top":0,"skin":"sign/zhezhao.png","name":"Lock","left":0},"compId":714,"child":[{"type":"Image","props":{"y":42,"x":45,"visible":false,"skin":"UI/suo.png"},"compId":715}]},{"type":"Image","props":{"y":-32,"x":34.5,"width":56,"skin":"UI/04.png","name":"day","height":23},"compId":716},{"type":"Image","props":{"y":0,"x":0,"visible":false,"skin":"sign/buqian.png","name":"ADBtn","centerY":87,"centerX":0},"compId":725},{"type":"Image","props":{"y":0,"x":0,"skin":"sign/lingqu.png","name":"Btn","centerY":87,"centerX":0},"compId":732},{"type":"Script","props":{"runtime":"script/Game/UI/SignBtn.ts"},"compId":736}]}]},{"type":"Image","props":{"y":1055,"x":620,"var":"CloseBtn","skin":"sign/X.png"},"compId":720},{"type":"Image","props":{"y":1082,"skin":"sign/tips.png","centerX":0},"compId":721}]}],"loadList":["common/mask.png","sign/di.png","sign/qiandao.png","sign/taozhuan.png","sign/biaoji1.png","sign/biaoji2.png","sign/kuang.png","UI/01.png","Cloth/Hair/10301.png","sign/zhezhao.png","UI/suo.png","sign/lingqu.png","sign/buqian.png","UI/02.png","UI/03.png","UI/04.png","sign/X.png","sign/tips.png"],"loadList3D":[]}