{"type":"View","props":{"width":720,"top":0,"right":0,"left":0,"height":1280,"bottom":0},"compId":2,"child":[{"type":"Image","props":{"y":0,"x":0,"top":0,"skin":"main/BG.png","right":0,"left":0,"bottom":0},"compId":30},{"type":"Sprite","props":{"y":0,"x":46.5,"texture":"UITask/bj.png"},"compId":26},{"type":"Image","props":{"y":75,"x":68,"visible":true,"var":"BackBtn","skin":"main/anniu_shang.png","rotation":-90,"anchorY":0.5,"anchorX":0.5},"compId":6},{"type":"Image","props":{"width":651,"var":"SceneContent","top":115,"skin":"UITask/board.png","sizeGrid":"206,0,114,0","name":"SceneContent","height":993,"centerX":4,"alpha":1},"compId":8,"child":[{"type":"Sprite","props":{"y":128,"x":330,"width":422,"var":"Logo","texture":"UITask/kai.png","pivotY":21,"pivotX":211,"name":"Logo","height":42},"compId":5},{"type":"Image","props":{"y":103,"x":602,"width":57,"var":"ProbabilityBtn","skin":"UITask/gailv.png","sizeGrid":"0,98,0,76","pivotY":29,"pivotX":29,"name":"ProbabilityBtn","height":57},"compId":4},{"type":"List","props":{"y":228,"x":26,"width":599,"var":"ShopList","spaceY":5,"repeatY":3,"name":"ShopList","height":645,"alpha":1},"compId":12,"child":[{"type":"Box","props":{"y":0,"x":0,"width":595,"renderType":"render","height":208},"compId":13,"child":[{"type":"Image","props":{"y":0,"x":0,"width":596,"skin":"UITask/board2.png","sizeGrid":"25,36,24,34","name":"BoardLang","height":203,"alpha":1},"compId":14},{"type":"Image","props":{"y":25,"x":20.5,"width":160,"skin":"sign/kuang.png","sizeGrid":"46,20,52,32","name":"BoardSmall","height":158},"compId":29},{"type":"Label","props":{"y":83,"x":198,"width":224,"var":"Name","valign":"middle","text":"每日登陆游戏","pivotY":19,"name":"Name","height":37,"fontSize":28,"color":"#fd6892","bold":true,"align":"left"},"compId":15},{"type":"Label","props":{"y":67,"x":359,"width":90,"valign":"middle","text":"（1/2）","name":"ProNum","height":32,"fontSize":28,"color":"#fd6892","bold":true,"align":"center"},"compId":19},{"type":"Image","props":{"y":164,"x":503,"var":"BtnGet","skin":"UITask/weiwancheng.png","pivotY":36,"pivotX":70,"name":"BtnGet"},"compId":20},{"type":"Label","props":{"y":164,"x":137,"width":87,"var":"AwardNum","valign":"middle","strokeColor":"#ffffff","stroke":2,"pivotY":11,"pivotX":51,"name":"AwardNum","height":21,"fontSize":20,"color":"#216b18","bold":true,"align":"right"},"compId":21},{"type":"Image","props":{"y":65,"x":43,"var":"AwardIcon","skin":"UITask/gua.png","name":"AwardIcon"},"compId":22},{"type":"Sprite","props":{"y":81,"x":471,"width":44,"texture":"UITask/shiping.png","pivotY":19,"pivotX":22,"name":"BtnAds","height":38},"compId":25},{"type":"Script","props":{"runtime":"script/Game/UI/UITaskItem.ts"},"compId":32}]}]},{"type":"Image","props":{"y":899,"x":31.5,"skin":"UITask/tishi.png"},"compId":11},{"type":"Image","props":{"y":1072,"width":262,"var":"refreshBtn","skin":"UITask/shuaxin.png","pivotY":53,"pivotX":131,"name":"refreshBtn","height":106,"centerX":0},"compId":31}]},{"type":"Image","props":{"var":"Scratchers","top":0,"right":0,"name":"Scratchers","left":0,"bottom":0},"compId":33,"child":[{"type":"Image","props":{"y":0,"x":0,"var":"ScratchersBg","top":0,"skin":"common/black.png","right":0,"name":"ScratchersBg","left":0,"bottom":0,"alpha":0.7,"sizeGrid":"10,10,10,10"},"compId":34},{"type":"Image","props":{"width":655,"var":"Ticket","skin":"UITask/di.png","pivotY":220,"pivotX":328,"name":"Ticket","height":316,"centerY":-30,"centerX":0},"compId":41,"child":[{"type":"Image","props":{"y":89,"x":114,"width":427,"var":"PrizeLevel","name":"PrizeLevel","height":137},"compId":44,"child":[{"type":"Image","props":{"y":28.5,"x":22.5,"skin":"UITask/xiexie.png","name":"xiexie"},"compId":43},{"type":"Image","props":{"y":29.5,"x":72.5,"skin":"UITask/erdeng.png","name":"erdeng"},"compId":46},{"type":"Image","props":{"y":29.5,"x":72.5,"skin":"UITask/tedeng.png","name":"tedeng"},"compId":47},{"type":"Image","props":{"y":29.5,"x":72.5,"skin":"UITask/yideng.png","name":"yideng"},"compId":48},{"type":"Image","props":{"y":29,"x":23,"skin":"UITask/zailai.png","name":"zailai"},"compId":49}]},{"type":"Image","props":{"y":27,"x":60,"var":"ScratchersScrape","skin":"UITask/gua2.png","name":"ScratchersScrape"},"compId":42},{"type":"Image","props":{"y":21,"x":626,"width":79,"var":"ScratchersCloseBtn","skin":"sign/X.png","pivotY":40,"pivotX":40,"name":"ScratchersCloseBtn","height":79},"compId":53},{"type":"Image","props":{"y":384,"width":302,"visible":false,"var":"ScratchersAgainBtn","skin":"UITask/zailaiyici.png","pivotY":53,"pivotX":151,"name":"ScratchersAgainBtn","height":106,"centerX":0},"compId":97}]}]},{"type":"Image","props":{"visible":false,"var":"GetReward","top":0,"right":0,"name":"GetReward","left":0,"bottom":0},"compId":54,"child":[{"type":"Image","props":{"top":0,"skin":"common/black.png","right":0,"name":"ScratchersBg","left":0,"bottom":0,"alpha":0.7,"sizeGrid":"10,10,10,10"},"compId":63},{"type":"Box","props":{"y":0,"x":0,"width":720,"visible":true,"var":"GetBox","name":"GetBox","height":1280,"centerY":0,"centerX":0},"compId":55,"child":[{"type":"Image","props":{"y":246,"x":346,"skin":"main/yincan.png"},"compId":56},{"type":"Image","props":{"y":634,"x":363,"var":"Guang","skin":"main/guang.png","name":"Guang","anchorY":0.5,"anchorX":0.5},"compId":57},{"type":"Image","props":{"y":1013,"x":360,"width":262,"var":"GetRewardADBtn","skin":"main/anniu_kanship.png","pivotY":53,"pivotX":131,"name":"GetRewardADBtn","height":106},"compId":58},{"type":"Image","props":{"y":623,"x":360,"skin":"Cloth/Dress/40602.png","name":"Icon","anchorY":0.5,"anchorX":0.5},"compId":59},{"type":"Image","props":{"y":128,"x":168.5,"skin":"main/biaoti.png"},"compId":60},{"type":"Image","props":{"y":76,"x":656,"width":79,"visible":false,"var":"GetRewardCloseBtn","skin":"sign/X.png","pivotY":40,"pivotX":40,"name":"GetRewardCloseBtn","height":79},"compId":61},{"type":"Image","props":{"y":1013,"x":360,"width":262,"visible":false,"var":"GetRewardShareBtn","skin":"PK/anniu_fenxaing.png","pivotY":48,"pivotX":131,"name":"GetRewardShareBtn","height":96},"compId":62}]}]},{"type":"Image","props":{"y":0,"x":0,"visible":false,"var":"Probability","top":0,"right":0,"name":"Probability","left":0,"bottom":0},"compId":64,"child":[{"type":"Image","props":{"y":0,"x":0,"top":0,"skin":"common/black.png","right":0,"name":"ProbabilityBg","left":0,"bottom":0,"alpha":0.7,"sizeGrid":"10,10,10,10"},"compId":65},{"type":"Image","props":{"width":451,"skin":"UI/dikuang.png","sizeGrid":"64,134,44,125","rotation":0,"height":449,"centerY":-50,"centerX":8},"compId":75,"child":[{"type":"Image","props":{"y":22,"x":422,"width":79,"var":"ProbabilityCloseBtn","skin":"sign/X.png","pivotY":40,"pivotX":40,"name":"ProbabilityCloseBtn","height":79},"compId":74},{"type":"Label","props":{"y":27,"x":132,"width":187,"valign":"middle","underline":true,"text":"中奖概率","italic":false,"height":56,"fontSize":35,"color":"#a956b9","bold":true,"align":"center"},"compId":76},{"type":"Label","props":{"y":106,"x":112,"width":187,"valign":"middle","text":"特等奖：2%","height":56,"fontSize":35,"color":"#a956b9","bold":true,"align":"center"},"compId":82},{"type":"Label","props":{"y":158,"x":113,"width":187,"valign":"middle","text":"一等奖：3%","height":56,"fontSize":35,"color":"#a956b9","bold":true,"align":"center"},"compId":83},{"type":"Label","props":{"y":212,"x":112,"width":216,"valign":"middle","text":"二等奖：30%","height":56,"fontSize":35,"color":"#a956b9","bold":true,"align":"center"},"compId":84},{"type":"Label","props":{"y":268,"x":110,"width":216,"valign":"middle","text":"再来一次：30%","height":56,"fontSize":35,"color":"#a956b9","bold":true,"align":"center"},"compId":85},{"type":"Label","props":{"y":324,"x":110,"width":216,"valign":"middle","text":"谢谢惠顾：35%","height":56,"fontSize":35,"color":"#a956b9","bold":true,"align":"center"},"compId":86}]}]}],"loadList":["main/BG.png","UITask/bj.png","main/anniu_shang.png","UITask/board.png","UITask/kai.png","UITask/gailv.png","UITask/board2.png","sign/kuang.png","UITask/weiwancheng.png","UITask/gua.png","UITask/shiping.png","UITask/tishi.png","UITask/shuaxin.png","common/black.png","UITask/di.png","UITask/xiexie.png","UITask/erdeng.png","UITask/tedeng.png","UITask/yideng.png","UITask/zailai.png","UITask/gua2.png","sign/X.png","UITask/zailaiyici.png","main/yincan.png","main/guang.png","main/anniu_kanship.png","Cloth/Dress/40602.png","main/biaoti.png","PK/anniu_fenxaing.png","UI/dikuang.png"],"loadList3D":[]}