{"type":"View","props":{"width":720,"top":0,"right":0,"left":0,"height":1280,"bottom":0},"compId":2,"child":[{"type":"Image","props":{"var":"BG","top":0,"skin":"common/mask.png","right":0,"name":"BG","left":0,"bottom":0,"sizeGrid":"10,10,10,10"},"compId":3},{"type":"Box","props":{"width":720,"height":1280,"centerY":0,"centerX":0},"compId":5,"child":[{"type":"Image","props":{"y":410,"x":64.5,"skin":"UI/dikuang.png"},"compId":6},{"type":"Image","props":{"y":881,"x":229,"var":"ConfirmBtn","skin":"UI/anniu_queding.png","name":"ConfirmBtn"},"compId":8},{"type":"Image","props":{"y":395,"x":590,"var":"CloseBtn","skin":"sign/X.png","name":"CloseBtn"},"compId":9},{"type":"Image","props":{"y":547,"x":125,"skin":"UI/zi.png","name":"Title"},"compId":13}]}],"animations":[{"nodes":[{"target":3,"keyframes":{"skin":[{"value":"common/mask.png","tweenMethod":"linearNone","tween":false,"target":3,"key":"skin","index":0}]}}],"name":"ani1","id":1,"frameRate":24,"action":0}],"loadList":["common/mask.png","UI/dikuang.png","UI/anniu_queding.png","sign/X.png","UI/zi.png"],"loadList3D":[]}