{"type":"View","props":{"width":720,"mouseThrough":true,"height":1280,"centerY":0,"centerX":0},"compId":2,"child":[{"type":"Box","props":{"width":720,"height":1280,"centerY":0,"centerX":0},"compId":28},{"type":"Box","props":{"y":435,"x":0,"var":"TipBox","right":0,"left":0,"height":400,"centerY":-5},"compId":10,"child":[{"type":"Image","props":{"y":200,"x":360,"width":720,"var":"Tip0","skin":"common/mask.png","height":70,"anchorY":0.5,"anchorX":0.5,"sizeGrid":"10,10,10,10"},"compId":11,"child":[{"type":"Text","props":{"y":5,"x":85,"width":550,"valign":"middle","text":"text","height":60,"fontSize":36,"color":"#ffffff","align":"center","runtime":"laya.display.Text"},"compId":12}]},{"type":"Image","props":{"y":200,"x":360,"width":720,"var":"Tip1","skin":"common/mask.png","height":70,"anchorY":0.5,"anchorX":0.5,"sizeGrid":"10,10,10,10"},"compId":19,"child":[{"type":"Text","props":{"y":5,"x":85,"width":550,"valign":"middle","text":"text","height":60,"fontSize":36,"color":"#ffffff","align":"center","runtime":"laya.display.Text"},"compId":20}]},{"type":"Image","props":{"y":200,"x":360,"width":720,"var":"Tip2","skin":"common/mask.png","height":70,"anchorY":0.5,"anchorX":0.5,"sizeGrid":"10,10,10,10"},"compId":21,"child":[{"type":"Text","props":{"y":5,"x":85,"width":550,"valign":"middle","text":"text","height":60,"fontSize":36,"color":"#ffffff","align":"center","runtime":"laya.display.Text"},"compId":22}]}]},{"type":"Image","props":{"y":0,"x":0,"var":"Interim1","top":0,"skin":"common/white.png","right":0,"left":0,"bottom":0,"sizeGrid":"20,20,20,20"},"compId":4},{"type":"Box","props":{"y":0,"x":0,"var":"Interim2","top":0,"right":0,"left":0,"bottom":0},"compId":5,"child":[{"type":"Image","props":{"y":0,"x":0,"width":323,"var":"LT","top":0,"skin":"common/black.png","left":0,"height":390,"sizeGrid":"10,10,10,10"},"compId":6},{"type":"Image","props":{"y":0,"x":0,"width":223,"var":"RT","top":0,"skin":"common/black.png","right":0,"height":196,"sizeGrid":"10,10,10,10"},"compId":16},{"type":"Image","props":{"y":0,"x":0,"width":192,"var":"LB","skin":"common/black.png","left":0,"height":236,"bottom":0,"sizeGrid":"10,10,10,10"},"compId":17},{"type":"Image","props":{"y":0,"x":0,"width":212,"var":"RB","skin":"common/black.png","right":0,"height":361,"bottom":0,"sizeGrid":"10,10,10,10"},"compId":18}]},{"type":"Image","props":{"y":0,"x":0,"width":43,"var":"Finger","skin":"common/finger.png","height":53},"compId":27},{"type":"Image","props":{"y":0,"x":0,"var":"Waitting","top":0,"skin":"common/yellow.png","right":0,"left":0,"bottom":0,"sizeGrid":"10,10,10,10"},"compId":23,"child":[{"type":"Text","props":{"y":661,"x":233,"width":260,"valign":"middle","text":"Loading...","height":66,"fontSize":30,"color":"#140b40","bold":true,"align":"center","runtime":"laya.display.Text"},"compId":24},{"type":"Image","props":{"y":544,"x":437,"width":67,"var":"W1","skin":"common/wait.png","height":67,"anchorY":0.5,"anchorX":0.5},"compId":26},{"type":"Image","props":{"y":590,"x":355,"width":120,"var":"W2","skin":"common/wait.png","height":120,"anchorY":0.5,"anchorX":0.5},"compId":25}]},{"type":"Box","props":{"y":0,"x":0,"var":"Block","top":0,"right":0,"left":0,"bottom":0},"compId":13}],"loadList":["common/mask.png","common/white.png","common/black.png","common/finger.png","common/yellow.png","common/wait.png"],"loadList3D":[]}