{"type":"View","props":{"width":720,"top":0,"right":0,"left":0,"height":1280,"bottom":0},"compId":2,"child":[{"type":"Image","props":{"top":0,"skin":"main/4.png","right":0,"left":0,"bottom":0},"compId":3},{"type":"Image","props":{"width":730,"skin":"nv/beijing.png","height":1280,"centerY":0,"centerX":0},"compId":4,"child":[{"type":"Image","props":{"y":1068,"x":229,"var":"ShareBtn","skin":"PK/anniu_fenxaing.png"},"compId":5},{"type":"Image","props":{"y":64,"x":64,"var":"BackBtn","skin":"main/anniu_xia.png","rotation":90,"anchorY":0.5,"anchorX":0.5},"compId":6}]}],"loadList":["main/4.png","nv/beijing.png","PK/anniu_fenxaing.png","main/anniu_xia.png"],"loadList3D":[]}