{"type":"View","props":{"width":720,"top":0,"right":0,"left":0,"height":1280,"bottom":0},"compId":2,"child":[{"type":"Image","props":{"top":0,"skin":"common/mask.png","right":0,"left":0,"bottom":0,"alpha":1,"sizeGrid":"10,10,10,10"},"compId":5},{"type":"Box","props":{"width":720,"name":"WingAD","height":1280,"centerY":0,"centerX":0},"compId":31,"child":[{"type":"Image","props":{"y":605,"x":360,"var":"BG","skin":"main/guang.png","rotation":0,"name":"BG","anchorY":0.5,"anchorX":0.5},"compId":33},{"type":"Image","props":{"y":430,"x":126,"skin":"Cloth/ACC/50404.png"},"compId":34},{"type":"Image","props":{"y":989,"x":229,"var":"ADBtn","skin":"Recommend/anniu_kanship.png","name":"ADBtn"},"compId":35},{"type":"Image","props":{"y":54,"x":618,"var":"CloseBtn","skin":"sign/X.png","name":"CloseBtn"},"compId":36},{"type":"Image","props":{"y":113,"x":104.5,"skin":"Egg2/biaoti.png"},"compId":37}]}],"loadList":["common/mask.png","main/guang.png","Cloth/ACC/50404.png","Recommend/anniu_kanship.png","sign/X.png","Egg2/biaoti.png"],"loadList3D":[]}