{"type":"Box","props":{"width":678,"visible":true,"var":"NativeRoot","scaleY":0.7,"scaleX":0.7,"height":202,"centerY":134,"centerX":0,"presetID":1,"isPresetRoot":true,"x":0,"y":0},"compId":329,"child":[{"type":"Box","props":{"width":445,"scaleY":1.5,"scaleX":1.5,"pivotY":194.5,"pivotX":222.5,"name":"nativeNode","height":118,"centerY":-13,"centerX":0,"anchorY":0.5,"anchorX":0.5,"presetID":2},"compId":331,"child":[{"type":"Image","props":{"top":0,"skin":"promo/nativeBG.png","right":0,"left":0,"bottom":0,"presetID":3},"compId":332},{"type":"Image","props":{"y":2,"x":0,"width":446,"var":"Contant","skin":"promo/nativeBG.png","height":115,"presetID":4},"compId":355},{"type":"Image","props":{"y":16,"x":16,"width":97,"name":"Icon","height":88,"presetID":5},"compId":333},{"type":"Text","props":{"y":16,"x":135,"width":248,"valign":"middle","text":"广告名字","name":"Title","height":57,"fontSize":27,"color":"#000000","align":"left","presetID":6,"runtime":"laya.display.Text"},"compId":334},{"type":"Text","props":{"y":57.5,"x":135,"wordWrap":true,"width":284,"valign":"middle","text":"广告内容广告内容广告内容","name":"Des","height":57,"fontSize":20,"color":"#000000","align":"left","presetID":7,"runtime":"laya.display.Text"},"compId":335},{"type":"Image","props":{"y":100,"x":399,"width":46,"skin":"promo/guanggao.png","height":17,"presetID":8},"compId":336}]},{"type":"Box","props":{"width":662,"name":"defaultNode","height":177,"centerY":-13,"centerX":-4,"presetID":9},"compId":339},{"type":"Image","props":{"width":24,"visible":false,"top":0,"skin":"promo/x2.png","scaleY":1.5,"scaleX":1.5,"right":13,"name":"Close","height":24,"presetID":10},"compId":338},{"type":"Script","props":{"presetID":11,"runtime":"../../../../Laya2.5/resources/app/out/vs/layaEditor/src/script/NativeAd.ts"},"compId":391}],"loadList":["promo/nativeBG.png","promo/guanggao.png","promo/x2.png"],"loadList3D":[]}