{"type":"View","props":{"width":720,"top":0,"right":0,"left":0,"height":1280,"bottom":0},"compId":2,"child":[{"type":"Image","props":{"top":0,"skin":"main/BG.png","right":0,"mouseThrough":true,"left":0,"bottom":0,"alpha":1},"compId":631},{"type":"Box","props":{"top":0,"right":0,"left":0,"bottom":0},"compId":617,"child":[{"type":"Image","props":{"top":0,"skin":"Active/BG.png","right":0,"left":0,"bottom":0,"alpha":1},"compId":659},{"type":"Image","props":{"top":85,"skin":"Active/biaoti.png","centerX":0},"compId":660},{"type":"List","props":{"width":651,"var":"ActiveList","spaceY":50,"height":980,"centerY":102,"centerX":0},"compId":620,"child":[{"type":"Box","props":{"y":0,"x":0,"width":654,"renderType":"render","name":"Item","height":463},"compId":621,"child":[{"type":"Image","props":{"skin":"Active/kuang.png","name":"Bg","centerY":0,"centerX":0},"compId":623},{"type":"Box","props":{"y":22,"x":43,"width":129,"name":"IconParent","height":330},"compId":663,"child":[{"type":"Image","props":{"skin":"Active/taozhuang1.png","name":"IconAll","centerY":0,"centerX":0},"compId":625}]},{"type":"Box","props":{"y":69,"x":185,"width":404,"name":"ClothShow","height":262},"compId":636,"child":[{"type":"Image","props":{"top":0,"skin":"Active/daojukuang.png","name":"1","left":0},"compId":630,"child":[{"type":"Image","props":{"y":0,"x":0,"skin":"Cloth/ACC/20304.png"},"compId":637}]},{"type":"Image","props":{"top":0,"skin":"Active/daojukuang.png","name":"2","centerX":0},"compId":638,"child":[{"type":"Image","props":{"y":0,"x":0,"skin":"Cloth/ACC/20304.png"},"compId":639}]},{"type":"Image","props":{"y":0,"skin":"Active/daojukuang.png","right":0,"name":"3"},"compId":640,"child":[{"type":"Image","props":{"y":0,"x":0,"skin":"Cloth/ACC/20304.png"},"compId":641}]},{"type":"Image","props":{"x":0,"skin":"Active/daojukuang.png","name":"4","left":0,"bottom":0},"compId":644,"child":[{"type":"Image","props":{"skin":"Cloth/ACC/20304.png"},"compId":645}]},{"type":"Image","props":{"y":0,"skin":"Active/daojukuang.png","name":"5","centerX":0,"bottom":0},"compId":646,"child":[{"type":"Image","props":{"y":22.5,"x":12.5,"width":75,"skin":"Cloth/ACC/20304.png","height":55},"compId":647}]},{"type":"Image","props":{"x":274,"skin":"Active/daojukuang.png","right":0,"name":"6","bottom":0},"compId":648,"child":[{"type":"Image","props":{"skin":"Cloth/ACC/20304.png"},"compId":649}]}]},{"type":"Image","props":{"y":377,"x":429,"skin":"Active/kanshiping.png","sizeGrid":"0,0,0,0","name":"ADBtn"},"compId":653,"child":[{"type":"Label","props":{"y":12,"x":64,"width":80,"valign":"middle","text":"0/5","name":"TaskPre","height":43,"fontSize":40,"color":"#fd6892","bold":true,"align":"center"},"compId":661}]},{"type":"Script","props":{"runtime":"script/Game/UI/ActiveItem.ts"},"compId":655},{"type":"Image","props":{"y":392.5,"x":43,"skin":"Active/Pack1.png","name":"PackName"},"compId":662}]}]},{"type":"Image","props":{"width":95,"var":"CloseBtn","top":27,"skin":"main/anniu_xia.png","rotation":90,"name":"CloseBtn","left":23,"height":95,"anchorY":0.5,"anchorX":0.5},"compId":657}]}],"loadList":["main/BG.png","Active/BG.png","Active/biaoti.png","Active/kuang.png","Active/taozhuang1.png","Active/daojukuang.png","Cloth/ACC/20304.png","Active/kanshiping.png","Active/Pack1.png","main/anniu_xia.png"],"loadList3D":[]}