{"type":"View","props":{"width":720,"top":0,"right":0,"left":0,"height":1280,"bottom":0},"compId":2,"child":[{"type":"Image","props":{"y":0,"x":0,"top":0,"skin":"common/mask.png","right":0,"left":0,"bottom":0,"alpha":1,"sizeGrid":"10,10,10,10"},"compId":5},{"type":"Image","props":{"y":0,"x":0,"width":720,"visible":true,"var":"BlindBox","name":"BlindBox","height":1280,"centerY":0,"centerX":0},"compId":3,"child":[{"type":"Image","props":{"y":974,"x":233,"skin":"盲盒/anniu_huode.png","name":"ADBtn1"},"compId":6},{"type":"Image","props":{"y":286,"x":110,"skin":"盲盒/manghe.png"},"compId":7},{"type":"Image","props":{"y":0,"x":0,"name":"Star"},"compId":8,"child":[{"type":"Image","props":{"y":232,"x":578,"skin":"盲盒/xingguang.png"},"compId":9},{"type":"Image","props":{"y":207,"x":110,"width":80,"skin":"盲盒/xingguang.png","height":77},"compId":10},{"type":"Image","props":{"y":465,"x":-28,"skin":"盲盒/xingguang.png"},"compId":11},{"type":"Image","props":{"y":269,"x":439,"width":42,"skin":"盲盒/xingguang.png","height":42},"compId":12},{"type":"Image","props":{"y":657,"x":616,"width":42,"skin":"盲盒/xingguang.png","height":42},"compId":13},{"type":"Image","props":{"y":798,"x":26,"width":42,"skin":"盲盒/xingguang.png","height":42},"compId":14},{"type":"Image","props":{"y":778,"x":621,"skin":"盲盒/xingguang.png"},"compId":15},{"type":"Image","props":{"y":865,"x":110,"width":80,"skin":"盲盒/xingguang.png","height":77},"compId":16},{"type":"Image","props":{"y":872,"x":533,"width":25,"skin":"盲盒/xingguang.png","height":25},"compId":17}]}]},{"type":"Image","props":{"y":0,"x":0,"width":720,"visible":false,"var":"GetAward","name":"GetAward","height":1280,"centerY":0,"centerX":0},"compId":19,"child":[{"type":"Image","props":{"y":205,"x":168.5,"skin":"恭喜获得/biaoti.png","name":"Title"},"compId":21},{"type":"Image","props":{"y":321,"x":168.5,"skin":"恭喜获得/txt_zi.png","name":"Title1"},"compId":22},{"type":"Image","props":{"y":708,"x":101,"skin":"恭喜获得/yunduo.png"},"compId":23},{"type":"Image","props":{"y":1042,"x":229,"skin":"盲盒/anniu_huode.png","name":"ADBtn2"},"compId":24},{"type":"Image","props":{"y":707,"x":362,"skin":"Animals/组 8.png","name":"Pet","anchorY":0.5,"anchorX":0.5},"compId":25},{"type":"Image","props":{"skin":"恭喜获得/yincang.png"},"compId":26}]},{"type":"Image","props":{"y":60,"x":597,"var":"CloseBtn","skin":"sign/X.png","name":"CloseBtn","centerY":-541,"centerX":276},"compId":27}],"loadList":["common/mask.png","盲盒/anniu_huode.png","盲盒/manghe.png","盲盒/xingguang.png","恭喜获得/biaoti.png","恭喜获得/txt_zi.png","恭喜获得/yunduo.png","Animals/组 8.png","恭喜获得/yincang.png","sign/X.png"],"loadList3D":[]}