{"type":"View","props":{"width":720,"top":0,"right":0,"left":0,"height":1280,"bottom":0},"compId":2,"child":[{"type":"Image","props":{"top":0,"skin":"main/BG.png","right":0,"left":0,"bottom":0},"compId":631},{"type":"Box","props":{"width":720,"height":1280,"centerY":0,"centerX":0},"compId":757,"child":[{"type":"Image","props":{"skin":"Egg2/beijin.png","name":"BG","alpha":0.5},"compId":758},{"type":"Image","props":{"y":83,"x":114,"skin":"Egg2/biaoti.png","name":"Title"},"compId":759},{"type":"Image","props":{"y":289,"x":230,"width":253,"skin":"sign/taozhuan.png","height":727},"compId":760},{"type":"Image","props":{"y":270,"x":443,"skin":"Egg2/qipao.png"},"compId":761},{"type":"Image","props":{"y":1132,"x":234,"skin":"Egg2/anniu_wushui.png","name":"ADBtn"},"compId":762},{"type":"Image","props":{"y":1038,"x":171,"skin":"Egg2/txt_leiji.png"},"compId":763},{"type":"Box","props":{"y":1086,"x":234},"compId":765,"child":[{"type":"Image","props":{"y":0,"x":5,"skin":"Egg2/tiao1.png","name":"first"},"compId":766},{"type":"Image","props":{"y":0,"x":96,"skin":"Egg2/tiao1.png","name":"second"},"compId":767},{"type":"Image","props":{"y":0,"x":192,"skin":"Egg2/tiao1.png","name":"third"},"compId":768}]}]}],"loadList":["main/BG.png","Egg2/beijin.png","Egg2/biaoti.png","sign/taozhuan.png","Egg2/qipao.png","Egg2/anniu_wushui.png","Egg2/txt_leiji.png","Egg2/tiao1.png"],"loadList3D":[]}