{"type":"View","props":{"width":720,"top":0,"right":0,"left":0,"height":1280,"bottom":0},"compId":2,"child":[{"type":"Image","props":{"top":0,"skin":"main/BG.png","right":0,"left":0,"bottom":0},"compId":3},{"type":"Box","props":{"width":720,"var":"HeCheng","height":1280,"centerY":0,"centerX":0},"compId":4,"child":[{"type":"Image","props":{"y":0,"x":0,"width":720,"skin":"main/BG.png","height":1280},"compId":5},{"type":"Image","props":{"y":102,"x":168.5,"width":383,"skin":"Combine/2/8.png","height":183},"compId":6,"child":[{"type":"Image","props":{"y":51.5,"x":29,"skin":"Combine/2/xuanze.png"},"compId":7}]},{"type":"Image","props":{"y":304,"x":122,"width":476,"skin":"Combine/2/shux.png","height":33},"compId":8},{"type":"Image","props":{"y":616,"x":241.5,"width":204,"skin":"Combine/2/120.png","name":"Wan","height":156},"compId":9,"child":[{"type":"Image","props":{"y":4,"x":4,"width":197,"skin":"Combine/asd.png","renderType":"mask","height":151},"compId":58},{"type":"Image","props":{"width":203,"var":"Mask","skin":"Combine/aaa.png","name":"Mask","height":159,"centerY":100},"compId":59}]},{"type":"Image","props":{"y":616,"x":241,"width":204,"skin":"Combine/zzz.png","height":154},"compId":60},{"type":"Image","props":{"y":995,"x":265,"width":181,"var":"CombineBtn","skin":"Combine/2/jinbijiesuo.png","name":"CombineBtn","height":115},"compId":12,"child":[{"type":"Image","props":{"y":39,"x":28.5,"skin":"Combine/2/hecheng.png"},"compId":13},{"type":"Image","props":{"y":40,"x":11,"visible":false,"skin":"Combine/bofang.png"},"compId":42}]},{"type":"Image","props":{"y":525,"x":181,"width":131,"var":"Yanzhi","skin":"Combine/2/116.png","name":"Yanzhi","height":162,"anchorY":0.5,"anchorX":0.5},"compId":14},{"type":"Image","props":{"y":525,"x":520,"width":138,"var":"Caifu","skin":"Combine/2/119.png","name":"Caifu","height":182,"anchorY":0.5,"anchorX":0.5},"compId":15,"child":[{"type":"Image","props":{"y":155,"x":116,"visible":false,"skin":"Combine/bofang.png","name":"ad"},"compId":39}]},{"type":"Image","props":{"y":750,"x":165,"width":111,"var":"Zhihui","skin":"Combine/2/118.png","name":"Zhihui","height":188,"anchorY":0.5,"anchorX":0.5},"compId":16,"child":[{"type":"Image","props":{"y":161,"x":89,"visible":false,"skin":"Combine/bofang.png","name":"ad"},"compId":40}]},{"type":"Image","props":{"y":757,"x":525,"width":133,"var":"Aiqing","skin":"Combine/2/117.png","name":"Aiqing","height":174,"anchorY":0.5,"anchorX":0.5},"compId":17,"child":[{"type":"Image","props":{"y":147,"x":111,"visible":false,"skin":"Combine/bofang.png","name":"ad"},"compId":41}]},{"type":"Image","props":{"y":596,"x":343.5,"width":12,"visible":false,"skin":"Combine/2/17.png","name":"Shuidi","height":63},"compId":35,"child":[{"type":"Image","props":{"y":-73,"x":0,"skin":"Combine/2/17.png"},"compId":36}]},{"type":"Image","props":{"y":1140,"x":221.5,"skin":"Combine/zhishao.png"},"compId":43},{"type":"Image","props":{"y":34,"x":598,"visible":false,"skin":"sign/X.png","name":"HCCloseBtn"},"compId":52}]},{"type":"Box","props":{"width":720,"visible":false,"var":"DanSheng","height":1280,"centerY":0,"centerX":0},"compId":18,"child":[{"type":"Image","props":{"y":600,"x":360,"skin":"main/guang.png","name":"Guanghuan","anchorY":0.5,"anchorX":0.5},"compId":37},{"type":"Image","props":{"y":1042,"x":393,"visible":true,"var":"StartBtn","skin":"Combine/2/6.png","name":"StartBtn"},"compId":20,"child":[{"type":"Text","props":{"y":40,"x":53,"text":"立即分享","italic":false,"fontSize":30,"font":"Microsoft YaHei","color":"#ffffff","bold":true,"runtime":"laya.display.Text"},"compId":45}]},{"type":"Image","props":{"y":115,"x":145.5,"width":425,"skin":"Combine/3/8.png","height":195},"compId":22,"child":[{"type":"Image","props":{"y":59.5,"x":80,"skin":"Combine/3/11.png"},"compId":23}]},{"type":"Image","props":{"y":628,"x":349,"skin":"Active/taozhuang3.png","scaleY":1.7,"scaleX":1.7,"name":"Role","anchorY":0.5,"anchorX":0.5},"compId":24},{"type":"Image","props":{"y":37,"x":598,"visible":false,"skin":"sign/X.png","name":"CloseBtn"},"compId":38},{"type":"Image","props":{"y":1042,"x":97,"skin":"Combine/2/jinbijiesuo.png","name":"GetAwardBtn"},"compId":44,"child":[{"type":"Image","props":{"y":39,"x":51,"skin":"Combine/zhijielingqu.png"},"compId":46},{"type":"Image","props":{"y":38,"x":51,"visible":false,"skin":"Combine/buxiexie.png"},"compId":53}]},{"type":"Image","props":{"y":1165,"x":112.5,"skin":"common/buxuan.png","name":"CheckBtn","alpha":0.7},"compId":48,"child":[{"type":"Image","props":{"skin":"common/xuan.png"},"compId":49},{"type":"Text","props":{"y":4,"x":33,"width":157,"text":"看广告领取皮肤","height":20,"fontSize":20,"font":"Microsoft YaHei","color":"#ffffff","bold":true,"runtime":"laya.display.Text"},"compId":51}]}]}],"animations":[{"nodes":[{"target":16,"keyframes":{"y":[{"value":743,"tweenMethod":"linearNone","tween":true,"target":16,"key":"y","index":0},{"value":663,"tweenMethod":"linearNone","tween":true,"target":16,"key":"y","index":10},{"value":519,"tweenMethod":"linearNone","tween":true,"target":16,"key":"y","index":20},{"value":506,"tweenMethod":"linearNone","tween":true,"target":16,"key":"y","index":30},{"value":569,"tweenMethod":"linearNone","tween":true,"target":16,"key":"y","index":40},{"value":743,"tweenMethod":"linearNone","tween":true,"target":16,"key":"y","index":50}],"x":[{"value":171,"tweenMethod":"linearNone","tween":true,"target":16,"key":"x","index":0},{"value":171.5,"tweenMethod":"linearNone","tween":true,"target":16,"key":"x","index":10},{"value":273,"tweenMethod":"linearNone","tween":true,"target":16,"key":"x","index":20},{"value":294,"tweenMethod":"linearNone","tween":true,"target":16,"key":"x","index":30},{"value":229,"tweenMethod":"linearNone","tween":true,"target":16,"key":"x","index":40},{"value":171,"tweenMethod":"linearNone","tween":true,"target":16,"key":"x","index":50}],"rotation":[{"value":0,"tweenMethod":"linearNone","tween":true,"target":16,"key":"rotation","index":0},{"value":16,"tweenMethod":"linearNone","tween":true,"target":16,"key":"rotation","index":10},{"value":37,"tweenMethod":"linearNone","tween":true,"target":16,"key":"rotation","index":20},{"value":74,"tweenMethod":"linearNone","tween":true,"target":16,"key":"rotation","index":30},{"value":44,"tweenMethod":"linearNone","tween":true,"target":16,"key":"rotation","index":40},{"value":0,"tweenMethod":"linearNone","tween":true,"target":16,"key":"rotation","index":50}]}},{"target":35,"keyframes":{"visible":[{"value":false,"tweenMethod":"linearNone","tween":false,"target":35,"key":"visible","index":0},{"value":true,"tweenMethod":"linearNone","tween":false,"target":35,"key":"visible","index":30},{"value":false,"tweenMethod":"linearNone","tween":false,"target":35,"key":"visible","index":32}]}}],"name":"ZhihuiAni","id":1,"frameRate":24,"action":0},{"nodes":[{"target":14,"keyframes":{"y":[{"value":525,"tweenMethod":"linearNone","tween":true,"target":14,"key":"y","index":0},{"value":463.5,"tweenMethod":"linearNone","tween":true,"target":14,"key":"y","index":10},{"value":478,"tweenMethod":"linearNone","tween":true,"target":14,"key":"y","index":20},{"value":501,"tweenMethod":"linearNone","tween":true,"target":14,"key":"y","index":30},{"value":525,"tweenMethod":"linearNone","tween":true,"target":14,"key":"y","index":40}],"x":[{"value":181,"tweenMethod":"linearNone","tween":true,"target":14,"key":"x","index":0},{"value":279.5,"tweenMethod":"linearNone","tween":true,"target":14,"key":"x","index":10},{"value":295,"tweenMethod":"linearNone","tween":true,"target":14,"key":"x","index":20},{"value":216.5,"tweenMethod":"linearNone","tween":true,"target":14,"key":"x","index":30},{"value":181,"tweenMethod":"linearNone","tween":true,"target":14,"key":"x","index":40}],"rotation":[{"value":0,"tweenMethod":"linearNone","tween":true,"target":14,"key":"rotation","index":0},{"value":37,"tweenMethod":"linearNone","tween":true,"target":14,"key":"rotation","index":20},{"value":0,"tweenMethod":"linearNone","tween":true,"target":14,"key":"rotation","index":40}],"anchorY":[{"value":0.5,"tweenMethod":"linearNone","tween":true,"target":14,"key":"anchorY","index":0}],"anchorX":[{"value":0.5,"tweenMethod":"linearNone","tween":true,"target":14,"key":"anchorX","index":0}]}},{"target":35,"keyframes":{"visible":[{"value":false,"tweenMethod":"linearNone","tween":false,"target":35,"key":"visible","index":0},{"value":true,"tweenMethod":"linearNone","tween":false,"target":35,"key":"visible","index":20},{"value":false,"tweenMethod":"linearNone","tween":false,"target":35,"key":"visible","index":23}]}}],"name":"YanZhiAni","id":2,"frameRate":24,"action":0},{"nodes":[{"target":15,"keyframes":{"y":[{"value":525,"tweenMethod":"linearNone","tween":true,"target":15,"key":"y","index":0},{"value":505,"tweenMethod":"linearNone","tween":true,"target":15,"key":"y","index":10},{"value":495,"tweenMethod":"linearNone","tween":true,"target":15,"key":"y","index":20},{"value":515,"tweenMethod":"linearNone","tween":true,"target":15,"key":"y","index":30},{"value":525,"tweenMethod":"linearNone","tween":true,"target":15,"key":"y","index":40}],"x":[{"value":540,"tweenMethod":"linearNone","tween":true,"target":15,"key":"x","index":0},{"value":440,"tweenMethod":"linearNone","tween":true,"target":15,"key":"x","index":10},{"value":380.5,"tweenMethod":"linearNone","tween":true,"target":15,"key":"x","index":20},{"value":440,"tweenMethod":"linearNone","tween":true,"target":15,"key":"x","index":30},{"value":540,"tweenMethod":"linearNone","tween":true,"target":15,"key":"x","index":40}],"rotation":[{"value":0,"tweenMethod":"linearNone","tween":true,"target":15,"key":"rotation","index":0},{"value":-30,"tweenMethod":"linearNone","tween":true,"target":15,"key":"rotation","index":10},{"value":-86,"tweenMethod":"linearNone","tween":true,"target":15,"key":"rotation","index":20},{"value":-58,"tweenMethod":"linearNone","tween":true,"target":15,"key":"rotation","index":30},{"value":0,"tweenMethod":"linearNone","tween":true,"target":15,"key":"rotation","index":40}]}},{"target":35,"keyframes":{"visible":[{"value":false,"tweenMethod":"linearNone","tween":false,"target":35,"key":"visible","index":0},{"value":true,"tweenMethod":"linearNone","tween":false,"target":35,"key":"visible","index":20},{"value":false,"tweenMethod":"linearNone","tween":false,"target":35,"key":"visible","index":22}]}}],"name":"CaifuAni","id":3,"frameRate":24,"action":0},{"nodes":[{"target":17,"keyframes":{"y":[{"value":757,"tweenMethod":"linearNone","tween":true,"target":17,"key":"y","index":0},{"value":625.5,"tweenMethod":"linearNone","tween":true,"target":17,"key":"y","index":10},{"value":513,"tweenMethod":"linearNone","tween":true,"target":17,"key":"y","index":20},{"value":507,"tweenMethod":"linearNone","tween":true,"target":17,"key":"y","index":30},{"value":553,"tweenMethod":"linearNone","tween":true,"target":17,"key":"y","index":40},{"value":757,"tweenMethod":"linearNone","tween":true,"target":17,"key":"y","index":50}],"x":[{"value":535,"tweenMethod":"linearNone","tween":true,"target":17,"key":"x","index":0},{"value":500,"tweenMethod":"linearNone","tween":true,"target":17,"key":"x","index":10},{"value":449.5,"tweenMethod":"linearNone","tween":true,"target":17,"key":"x","index":20},{"value":392,"tweenMethod":"linearNone","tween":true,"target":17,"key":"x","index":30},{"value":468.5,"tweenMethod":"linearNone","tween":true,"target":17,"key":"x","index":40},{"value":535,"tweenMethod":"linearNone","tween":true,"target":17,"key":"x","index":50}],"rotation":[{"value":0,"tweenMethod":"linearNone","tween":true,"target":17,"key":"rotation","index":0},{"value":-35,"tweenMethod":"linearNone","tween":true,"target":17,"key":"rotation","index":20},{"value":-71,"tweenMethod":"linearNone","tween":true,"target":17,"key":"rotation","index":30},{"value":-33,"tweenMethod":"linearNone","tween":true,"target":17,"key":"rotation","index":40},{"value":0,"tweenMethod":"linearNone","tween":true,"target":17,"key":"rotation","index":50}]}},{"target":35,"keyframes":{"visible":[{"value":false,"tweenMethod":"linearNone","tween":false,"target":35,"key":"visible","index":0},{"value":true,"tweenMethod":"linearNone","tween":false,"target":35,"key":"visible","index":30},{"value":false,"tweenMethod":"linearNone","tween":false,"target":35,"key":"visible","index":33}]}}],"name":"AiqingAni","id":4,"frameRate":24,"action":0}],"loadList":["main/BG.png","Combine/2/8.png","Combine/2/xuanze.png","Combine/2/shux.png","Combine/2/120.png","Combine/asd.png","Combine/aaa.png","Combine/zzz.png","Combine/2/jinbijiesuo.png","Combine/2/hecheng.png","Combine/bofang.png","Combine/2/116.png","Combine/2/119.png","Combine/2/118.png","Combine/2/117.png","Combine/2/17.png","Combine/zhishao.png","sign/X.png","main/guang.png","Combine/2/6.png","Combine/3/8.png","Combine/3/11.png","Active/taozhuang3.png","Combine/zhijielingqu.png","Combine/buxiexie.png","common/buxuan.png","common/xuan.png"],"loadList3D":[]}