{"type":"View","props":{"width":720,"top":0,"right":0,"left":0,"height":1280,"bottom":0},"compId":2,"child":[{"type":"Image","props":{"top":0,"skin":"main/BG.png","right":0,"left":0,"bottom":0},"compId":14},{"type":"Box","props":{"width":720,"height":1280,"centerY":0,"centerX":0},"compId":42,"child":[{"type":"Image","props":{"y":806,"x":151,"width":450,"var":"Prg","skin":"loading/progressBar.png","height":36,"bottom":438},"compId":16,"child":[{"type":"Image","props":{"y":0,"x":0,"width":450,"skin":"loading/progressBar.png","height":36},"compId":15,"child":[{"type":"Image","props":{"y":2,"x":3,"width":0,"var":"loading","skin":"loading/progressBar$bar.png","sizeGrid":" ","height":32},"compId":29}]}]},{"type":"Image","props":{"y":171,"x":27,"skin":"loading/LOGO.png","centerY":-383,"centerX":2},"compId":32},{"type":"Image","props":{"y":743,"x":296,"skin":"loading/txt_jiazai.png"},"compId":39},{"type":"Image","props":{"y":1135,"x":54,"skin":"loading/txt_tishi.png"},"compId":40}]}],"loadList":["main/BG.png","loading/progressBar.png","loading/progressBar$bar.png","loading/LOGO.png","loading/txt_jiazai.png","loading/txt_tishi.png"],"loadList3D":[]}