{"type":"View","props":{"width":720,"top":0,"right":0,"left":0,"height":1280,"bottom":0},"compId":2,"child":[{"type":"Image","props":{"width":2810,"var":"Bg","skin":"promo/123.png","height":2241,"centerY":-52,"centerX":0},"compId":588},{"type":"Image","props":{"width":573,"skin":"common/di.png","name":"SmallBg","height":608,"centerY":-52,"centerX":0,"sizeGrid":"61,50,73,50"},"compId":616,"child":[{"type":"Image","props":{"y":154,"x":166,"width":241,"skin":"common/123.png","height":261},"compId":619},{"type":"Label","props":{"y":415,"x":22,"wordWrap":true,"width":529,"valign":"middle","text":"客人觉得这份饭菜非常不错，想额外点一瓶酒","height":133,"fontSize":30,"color":"#c4774c","bold":true,"align":"center"},"compId":621}]},{"type":"Image","props":{"width":720,"top":104,"skin":"common/yellow.png","name":"TopTitle","height":100,"centerX":0,"sizeGrid":"10,10,10,10"},"compId":617,"child":[{"type":"Label","props":{"width":251,"valign":"middle","text":"来一瓶酒","strokeColor":"#ffb700","height":82,"fontSize":60,"color":"#ffffff","centerY":0,"centerX":0,"bold":true,"align":"center"},"compId":618}]},{"type":"Image","props":{"y":969,"x":183,"width":354,"skin":"uiready/ad.png","height":142},"compId":622}],"loadList":["promo/123.png","common/di.png","common/123.png","common/yellow.png","uiready/ad.png"],"loadList3D":[]}