{"type":"View","props":{"width":720,"top":0,"right":0,"left":0,"height":1280,"bottom":0},"compId":2,"child":[{"type":"Image","props":{"top":0,"skin":"main/BG.png","right":0,"left":0,"bottom":0},"compId":5},{"type":"Box","props":{"width":720,"height":1280,"centerY":0,"centerX":0},"compId":4,"child":[{"type":"Image","props":{"skin":"nv/beijing.png"},"compId":6},{"type":"Image","props":{"y":1144,"x":239,"var":"ShareBtn","skin":"nv/anniu_fenxiang.png","name":"ShareBtn"},"compId":7},{"type":"Image","props":{"y":155,"x":239,"skin":"nv/tuceng.png"},"compId":8},{"type":"Image","props":{"y":46,"x":46,"var":"BackBtn","skin":"main/anniu_xia.png","rotation":90,"name":"BackBtn","anchorY":0.5,"anchorX":0.5},"compId":11}]}],"loadList":["main/BG.png","nv/beijing.png","nv/anniu_fenxiang.png","nv/tuceng.png","main/anniu_xia.png"],"loadList3D":[]}