{"type":"View","props":{"width":720,"top":0,"right":0,"left":0,"height":1280,"bottom":0},"compId":2,"child":[{"type":"Image","props":{"top":0,"skin":"Active/BG.png","right":0,"mouseThrough":true,"left":0,"bottom":0},"compId":631},{"type":"Box","props":{"width":720,"height":1280,"centerY":0,"centerX":0},"compId":757,"child":[{"type":"Image","props":{"y":83,"x":114,"skin":"Egg2/biaoti.png","name":"Title"},"compId":759},{"type":"Box","props":{"zOrder":2,"y":427,"x":330,"width":720,"var":"FemaleRoot","scaleY":0.9,"scaleX":0.9,"name":"FemaleRoot","height":1280,"centerY":17,"centerX":-30,"anchorY":0.3,"anchorX":0.5},"compId":771,"child":[{"type":"Image","props":{"zOrder":-8,"width":231,"skin":"Body/lian.png","name":"Body","height":806,"centerY":0,"centerX":14,"anchorY":0.5,"anchorX":0.5},"compId":772},{"type":"Image","props":{"zOrder":4,"var":"Hair","skin":"Cloth/Hair/60101.png","name":"Hair","centerY":-331,"centerX":28,"anchorY":0.5,"anchorX":0.5},"compId":773},{"type":"Image","props":{"zOrder":3,"var":"Dress","skin":"Cloth/Dress/60102.png","name":"Dress","centerY":-62,"centerX":17,"anchorY":0.5,"anchorX":0.5},"compId":780},{"type":"Image","props":{"zOrder":3,"var":"Shose","skin":"Cloth/Shoes/60103.png","name":"Shose","centerY":366,"centerX":23,"anchorY":0.5,"anchorX":0.5},"compId":784}]},{"type":"Image","props":{"y":270,"x":443,"skin":"Egg2/qipao.png"},"compId":761},{"type":"Image","props":{"y":1132,"x":234,"var":"ADBtn","skin":"Egg2/anniu_wushui.png","name":"ADBtn"},"compId":762},{"type":"Image","props":{"y":1038,"x":171,"skin":"Egg2/txt_leiji.png"},"compId":763},{"type":"Image","props":{"y":1086,"x":239,"var":"first","skin":"Egg2/tiao1.png","name":"first"},"compId":766},{"type":"Image","props":{"y":1086,"x":330,"var":"second","skin":"Egg2/tiao1.png","name":"second"},"compId":767},{"type":"Image","props":{"y":1086,"x":426,"var":"third","skin":"Egg2/tiao1.png","name":"third"},"compId":768},{"type":"Image","props":{"y":71,"x":79,"var":"BackBtn","skin":"main/anniu_xia.png","rotation":90,"name":"BackBtn","anchorY":0.5,"anchorX":0.5},"compId":770}]}],"loadList":["Active/BG.png","Egg2/biaoti.png","Body/lian.png","Cloth/Hair/60101.png","Cloth/Dress/60102.png","Cloth/Shoes/60103.png","Egg2/qipao.png","Egg2/anniu_wushui.png","Egg2/txt_leiji.png","Egg2/tiao1.png","main/anniu_xia.png"],"loadList3D":[]}