{"type":"Box","props":{"y":0,"x":0,"width":200,"visible":true,"scaleY":1,"scaleX":1,"presetID":1,"name":"CriPre","isPresetRoot":true,"height":200,"anchorY":0.5,"anchorX":0.5},"compId":122,"child":[{"type":"Image","props":{"skin":"Cooking/Circle/13.png","presetID":2,"name":"Bg","centerY":0,"centerX":0},"compId":123},{"type":"Image","props":{"skin":"Cooking/Circle/12.png","presetID":3,"name":"crp","centerY":0,"centerX":0},"compId":115,"child":[{"type":"Image","props":{"y":153,"x":-33,"skin":"Cooking/Circle/12.png","presetID":4,"name":"cr","centerY":0,"centerX":0},"compId":114}]}],"loadList":["Cooking/Circle/13.png","Cooking/Circle/12.png"],"loadList3D":[]}