{"type":"Image","props":{"y":0,"x":0,"width":425,"var":"TimePrg","top":167,"skin":"Cooking/Cube/1.png","scaleY":1,"scaleX":1,"right":147,"height":42,"anchorY":0.5,"presetID":1,"isPresetRoot":true,"sizeGrid":"0,30,0,30"},"compId":137,"child":[{"type":"Image","props":{"y":3,"x":4,"width":417,"skin":"Cooking/Cube/6.png","name":"Pg","height":36,"presetID":2,"sizeGrid":"20,30,20,30"},"compId":138,"child":[{"type":"Image","props":{"y":0,"x":0,"width":417,"skin":"common/white.png","renderType":"mask","height":36,"presetID":3,"sizeGrid":"20,20,20,20"},"compId":161}]},{"type":"Image","props":{"y":21,"x":100,"visible":true,"skin":"Cooking/Cube/3.png","anchorY":0.5,"anchorX":0.5,"presetID":4},"compId":141,"child":[{"type":"Image","props":{"y":58,"x":0,"width":54,"skin":"Cooking/Cube/4.png","height":33,"anchorY":0.5,"anchorX":0.5,"presetID":5},"compId":144,"child":[{"type":"Label","props":{"y":1,"x":1,"width":52,"valign":"middle","text":"25","height":32,"fontSize":25,"color":"#FC9D20","align":"center","presetID":6},"compId":147}]},{"type":"Image","props":{"y":-41,"x":-20,"skin":"Cooking/Cube/5.png","presetID":7},"compId":145}]},{"type":"Image","props":{"y":21,"x":208.5,"visible":false,"skin":"Cooking/Cube/3.png","anchorY":0.5,"anchorX":0.5,"presetID":8},"compId":148,"child":[{"type":"Image","props":{"y":58,"x":0,"width":54,"skin":"Cooking/Cube/4.png","height":33,"anchorY":0.5,"anchorX":0.5,"presetID":9},"compId":149,"child":[{"type":"Label","props":{"y":1,"x":1,"width":52,"valign":"middle","text":"15","height":32,"fontSize":25,"color":"#FC9D20","align":"center","presetID":10},"compId":150}]},{"type":"Image","props":{"y":-41,"x":-20,"skin":"Cooking/Cube/5.png","presetID":11},"compId":151}]},{"type":"Image","props":{"y":21,"x":320,"visible":false,"skin":"Cooking/Cube/3.png","anchorY":0.5,"anchorX":0.5,"presetID":12},"compId":152,"child":[{"type":"Image","props":{"y":58,"x":0,"width":54,"skin":"Cooking/Cube/4.png","height":33,"anchorY":0.5,"anchorX":0.5,"presetID":13},"compId":153,"child":[{"type":"Label","props":{"y":1,"x":1,"width":52,"valign":"middle","text":"25","height":32,"fontSize":25,"color":"#FC9D20","align":"center","presetID":14},"compId":154}]},{"type":"Image","props":{"y":-41,"x":-20,"skin":"Cooking/Cube/5.png","presetID":15},"compId":155}]},{"type":"Script","props":{"presetID":16,"runtime":"script/Game/UI/ProgressBar.ts"},"compId":160}],"loadList":["Cooking/Cube/1.png","Cooking/Cube/6.png","common/white.png","Cooking/Cube/3.png","Cooking/Cube/4.png","Cooking/Cube/5.png"],"loadList3D":[]}