{"res/atlas/ACC.atlas":["ACC/",["10106_1.png","10106_2.png","10201_1.png","10201_2.png","10304.png","10305.png","13202.png","20304.png","30105.png","40105_1.png","40105_2.png","40306.png","50204.png","50304.png","50305.png"]],"res/atlas/Active.atlas":["Active/",["Pack1.png","Pack2.png","Pack3.png","biaoti.png","daojukuang.png","kanshiping.png","star.png","taozhuang1.png","taozhuang2.png","taozhuang3.png"]],"res/atlas/Animals.atlas":["Animals/",["pet1.png","pet10.png","pet2.png","pet3.png","pet4.png","pet5.png","pet6.png","pet7.png","pet8.png","pet9.png"]],"res/atlas/BG/small.atlas":["BG/small/",["1.png","2.png","3.png","4.png","5.png","6.png"]],"res/atlas/Body.atlas":["Body/",["yinying.png"]],"res/atlas/Btnbar.atlas":["Btnbar/",["dress.png","dress1.png","hair.png","hair1.png","ornament.png","ornament1.png","shirt.png","shirt1.png","shose.png","shose1.png","socks.png","socks1.png","trousers.png","trousers1.png","xing1.png","xing2.png","xing3.png"]],"res/atlas/button.atlas":["button/",["X.png","tongyong.png"]],"res/atlas/chuandadaren.atlas":["chuandadaren/",["anniu_xiu.png","biaoti.png"]],"res/atlas/Cloth/ACC.atlas":["Cloth/ACC/",["10106_1.png","10106_2.png","10201_1.png","10201_2.png","10304.png","10305.png","13202.png","20304.png","30105.png","40105_1.png","40105_2.png","40306.png","40503_2.png","50204.png","50304.png","50305.png","50404.png"]],"res/atlas/Cloth/Down.atlas":["Cloth/Down/",["10001.png","10103_1.png","10103_2.png","10203.png","10304_2.png","20203.png","20302.png","30203.png","30303.png","40203.png","40303.png","70102.png","70104.png"]],"res/atlas/Cloth/Dress.atlas":["Cloth/Dress/",["10302.png","20101.png","30102_1.png","30102_2.png","40102.png","40402_1.png","50102.png","50202.png","60102.png","70101.png","70103.png","70106.png","70107.png"]],"res/atlas/Cloth/Hair.atlas":["Cloth/Hair/",["10101.png","10301.png","11101.png","20201.png","30201.png","30301_1.png","30301_2.png","40101_1.png","40101_2.png","40201.png","40301_1.png","40301_2.png","40401.png","40501.png","50101.png","50201.png","50301.png","60101.png","70109.png","70110.png"]],"res/atlas/Cloth/Pet.atlas":["Cloth/Pet/",["1001.png","1002.png","1003.png","1004.png","Pet10.png","Pet5.png","Pet6.png","Pet7.png","Pet8.png","Pet9.png"]],"res/atlas/Cloth/Scoks.atlas":["Cloth/Scoks/",["10104.png","20102.png","20204.png","30103.png","30305.png","40304.png","50103.png"]],"res/atlas/Cloth/Shoes.atlas":["Cloth/Shoes/",["10105.png","10303.png","10305_2.png","20103.png","20205.png","20303.png","30104.png","30205.png","30306.png","40104.png","40204.png","40305.png","40403.png","40504.png","50104.png","50203.png","50303_1.png","50303_2.png","60103.png"]],"res/atlas/Cloth/Up.atlas":["Cloth/Up/",["10000.png","10102.png","10202.png","20202.png","20301.png","30202.png","30302.png","40202_1.png","40202_2.png","40302.png","70105.png","70108.png","70111.png"]],"res/atlas/Combine/1.atlas":["Combine/1/",["17.png","18.png","sure.png"]],"res/atlas/Combine/2.atlas":["Combine/2/",["116.png","117.png","118.png","119.png","120.png","17.png","6.png","8.png","hecheng.png","jinbijiesuo.png","suiji.png","xuanze.png"]],"res/atlas/Combine/3.atlas":["Combine/3/",["11.png","6.png","8.png","StartGame.png"]],"res/atlas/Combine.atlas":["Combine/",["aaa.png","asd.png","asdas.png","bofang.png","buxiexie.png","zhijielingqu.png","zhishao.png","zzz.png"]],"res/atlas/common.atlas":["common/",["anniu.png","black.png","btn2.png","buxuan.png","di.png","finger.png","fontClip_num.png","gg.png","greencr.png","guanggao.png","hslider$bar.png","hslider.png","jinbi_di.png","joyB.png","joyF.png","mask.png","prgB.png","prgF.png","ratio1.png","ratio2.png","textinput.png","wait.png","white.png","xuan.png","yellow.png"]],"res/atlas/comp.atlas":["comp/",["btn_close.png","button.png","check_circle.png","checkbox.png","clip_num.png","clip_tree_arrow.png","clip_tree_folder.png","combobox.png","fontClip.png","fontClip_num.png","hscroll$bar.png","hscroll$down.png","hscroll$up.png","hscroll.png","hslider$bar.png","hslider.png","html.png","image.png","img_bg.png","img_bg2.png","img_bg3.png","img_bg4.png","img_bg5.png","img_blank.png","label.png","progress$bar.png","progress.png","radio.png","radiogroup.png","tab.png","textarea.png","textinput.png","vscroll$bar.png","vscroll$down.png","vscroll$up.png","vscroll.png","vslider$bar.png","vslider.png"]],"res/atlas/Cooking/Bottle.atlas":["Cooking/Bottle/",["fill.png","mian.png"]],"res/atlas/Cooking/Circle.atlas":["Cooking/Circle/",["12.png","13.png"]],"res/atlas/Cooking/Cube.atlas":["Cooking/Cube/",["1.png","2.png","3.png","4.png","5.png","6.png"]],"res/atlas/Cooking/skin.atlas":["Cooking/skin/",["1.png","2.png","3.png","4.png","5.png","6.png","7.png","8.png","9.png"]],"res/atlas/Cooking.atlas":["Cooking/",["12.png","13.png"]],"res/atlas/Dress.atlas":["Dress/",["10302.png","20101.png","30102_1.png","30102_2.png","40102.png","50102.png","50202.png"]],"res/atlas/DuiHuanMa.atlas":["DuiHuanMa/",["40601.png","40602.png","40603.png","40604.png","40605.png","70202.png"]],"res/atlas/DX/huafushi.atlas":["DX/huafushi/",["1.png","2.png","3.png","4.png","5.png","6.png","7.png","tubiao.png","xiangpi.png"]],"res/atlas/DX/icon.atlas":["DX/icon/",["1.jpg","10.jpg","11.jpg","12.jpg","13.jpg","14.jpg","15.jpg","16.jpg","17.jpg","18.jpg","19.jpg","2.jpg","3.jpg","4.jpg","5.jpg","6.jpg","7.jpg","8.jpg","9.jpg","ZDS.jpg"]],"res/atlas/DX.atlas":["DX/",["img_main_xuanzeyanse.png","shipin.png","shuaxing.png"]],"res/atlas/Egg1.atlas":["Egg1/",["anniu_fou.png","anniu_shi.png","biaoti.png","tiao1.png","tiao2.png","txt_shifou.png"]],"res/atlas/Egg2.atlas":["Egg2/",["anniu_wushui.png","biaoti.png","qipao.png","tiao1.png","tiao2.png","txt_leiji.png"]],"res/atlas/game.atlas":["game/",["Btn1.png","Btn2.png","X2.png","arrow.png","bai.png","ban.png","clickme.png","close.png","di.png","f1.png","f2.png","f3.png","f4.png","gb1.png","gb2.png","m1.png","m4.png","p1.png","p2.png","p3.png","p4.png","p5.png","p6.png","pause.png","r1.png","r2.png","rs.png","rt1.png","rt2.png","s0.png","s1.png","s2.png","s3.png","s4.png","s5.png","s6.png","s7.png","s8.png","shuaxin.png","tipbg.png","tongyong.png","vedio.png","watchad.png","wx1.png","wx2.png","wx3.png","wx4.png"]],"res/atlas/gongxihuode.atlas":["gongxihuode/",["biaoti.png","txt_zi.png","yincang.png"]],"res/atlas/Hair.atlas":["Hair/",["10101.png","10301.png","10301_1.png","10301_2.png","11101.png","20201.png","30201.png","30301_1.png","30301_2.png","40101_1.png","40101_2.png","40201.png","40301_1.png","40301_2.png","50101.png","50201.png","50301.png"]],"res/atlas/loading.atlas":["loading/",["progressBar$bar.png","progressBar.png","txt_jiazai.png"]],"res/atlas/logo.atlas":["logo/",["123.png","asd.png","buxuyao.png","dian.png","mianfei.png","no.png","xuyao.png","yes.png","yu.png"]],"res/atlas/main.atlas":["main/",["NZ.png","anniu.png","anniu_chuchaung.png","anniu_fenxiang.png","anniu_kanship.png","anniu_paizhao.png","anniu_shang.png","anniu_xia.png","anniu_xiance.png","anniu_zhongzhi.png","biaoti.png","biaoti1.png","dainji.png","daojukuang.png","daojukuang_xuanzhong.png","gonggao.png","huagongzhu.png","queding.png","shezhi_di.png","shezhi_x.png","shezhi_yinfu.png","shiping.png","suo.png","tubiao.png","yincan.png","zaici.png","zhezhao.png"]],"res/atlas/manghe.atlas":["manghe/",["anniu_huode.png","xingguang.png"]],"res/atlas/nv.atlas":["nv/",["Hair.png","anniu_fenxiang.png","star1.png","star2.png","tuceng.png","wing.png"]],"res/atlas/Pets.atlas":["Pets/",["Pet1.png","Pet10.png","Pet2.png","Pet3.png","Pet4.png","Pet5.png","Pet6.png","Pet7.png","Pet8.png","Pet9.png"]],"res/atlas/Photos.atlas":["Photos/",["biaoti.png","you.png","zuo.png"]],"res/atlas/PK.atlas":["PK/",["anniu_bule.png","anniu_fenxaing.png","anniu_haode.png","anniu_jieli.png","anniu_like.png","fanbei.png","huangguang.png","jindu_2.png","jindu_di.png","kexi.png","piao.png","pipei.png","shuzidi.png","taibangle.png","tishi.png","tubiao_pk.png","wutai2.png"]],"res/atlas/promo/p102bgs.atlas":["promo/p102bgs/",["b.png","g.png","p.png","r.png","y.png"]],"res/atlas/promo/p105bgs.atlas":["promo/p105bgs/",["b.png","p.png","r.png","y.png"]],"res/atlas/promo.atlas":["promo/",["123.png","arrow.png","dec.png","guess.png","hot1.png","hot2.png","hot3.png","img_blank.png","more1.png","more2.png","rec1.png","rec2.png","rec3.png","rec4.png","red.png","try1.png","try2.png","white.jpg","x.png"]],"res/atlas/RankList.atlas":["RankList/",["1.png","2.png","anniu_paihang.png","anniu_qutiaozhan.png","di.png","pick.png","top1.png","top2.png","top3.png","tou.png","touxiang1.png","touxiang2.png"]],"res/atlas/Recommend.atlas":["Recommend/",["anniu_kanship.png","biaoti.png","daojukuang.png","txt_yiyongyou.png"]],"res/atlas/Scoks.atlas":["Scoks/",["10104.png","20102.png","20204.png","30103.png","30305.png","40304.png","50103.png"]],"res/atlas/Shoes.atlas":["Shoes/",["10105.png","10303.png","10305_1.png","10305_2.png","20103.png","20205.png","20303.png","30104.png","30205.png","30306.png","40104.png","40204.png","40305.png","50104.png","50203.png","50303_1.png","50303_2.png"]],"res/atlas/shuiyi.atlas":["shuiyi/",["shuiyi.png","shuiyitoufa.png","xie.png"]],"res/atlas/sign.atlas":["sign/",["X.png","biaoji1.png","biaoji2.png","buqian.png","kuang.png","lingqu.png","qiandao.png","tips.png","zhezhao.png"]],"res/atlas/SweetMoment.atlas":["SweetMoment/",["Hair.png","anniu_fenxiang.png","光效.png","图层 92 拷贝 6.png","图层 92.png"]],"res/atlas/Tip.atlas":["Tip/",["duihua.png","txt_bixu.png","txt_chaoji.png","txt_chuanshuo.png","txt_haopin.png","txt_huode.png","txt_jiajiu.png","txt_jixuyouxi.png","txt_mianfei.png","txt_shiyong.png"]],"res/atlas/tip2.atlas":["tip2/",["queding.png","quxiao.png","txt_shuoming.png","txt_tishi.png"]],"res/atlas/TJ/Promo/image.atlas":["TJ/Promo/image/",["cnxh.png","di2.png","gdyx.png","gdyx2.png","gdyx3.png","hb2.png","jx10.png","jx14.png","kk1.png","kk2.png","kk3.png","new2.png","remen1.png","rm3.png","sw.png","swdjl.png","tc2.png","tc23.png","tc3.png","tishi.png","tuijian2.png","y1.png","yjjx14.png","zt_1_10.png"]],"res/atlas/UI.atlas":["UI/",["01.png","02.png","03.png","04.png","05.png","06.png","07.png","1.png","31.png","anniu_queding.png","suo.png","zi.png"]],"res/atlas/uimain.atlas":["uimain/",["daojishi_1.png","daojishi_2.png","huafei_1.png","huafei_2.png","huafei_3.png","huafei_4.png","huafei_jinbi.png","jinbi.png","jinbi_di.png","shipin.png","yuan.png"]],"res/atlas/uiready.atlas":["uiready/",["101di.png","105.png","105di.png","ad.png","cai.png","chuju.png","genduo_icon.png","shezhi.png","shop.png","start.png"]],"res/atlas/uisettle.atlas":["uisettle/",["anniu_1.png","anniu_2.png","anniu_jinbi.png","asd.png","cai.png","caidan_di.png","caidan_shuliang.png","jiangbei.png","jindu_1.png","jindu_2.png","jindu_3.png","xiaofei_1.png","xiaofei_jinbi.png","zhangdan.png"]],"res/atlas/Up.atlas":["Up/",["10000.png","10102.png","10202.png","10303_1.png","20202.png","20301.png","30202.png","30302.png","40202_1.png","40202_2.png","40302.png"]]}