[{"id":1,"icon":"game/xg.png","name":"西瓜","tex":"xg","smoke":[1,0.4,0.38],"light":1,"cond":1},{"id":2,"icon":"game/hg.png","name":"黄瓜","tex":"hg","smoke":[0.7,0.86,0.2],"light":1,"cond":2,"norm":600},{"id":3,"icon":"game/hmg.png","name":"哈密瓜","tex":"hmg","smoke":[1,0.49,0.2],"light":1,"cond":2,"norm":1000},{"id":4,"icon":"game/yw.png","name":"语文书","tex":"yw","smoke":[0.61,0.85,0.93],"light":2,"cond":2,"norm":1500},{"id":5,"icon":"game/wh.png","name":"威化","tex":"wh","smoke":[0.86,0.78,0.56],"light":2,"cond":2,"norm":2000},{"id":6,"icon":"game/mht.png","name":"猕猴桃","tex":"mht","smoke":[0.8,0.84,0.13],"light":1,"cond":3,"norm":40},{"id":7,"icon":"game/sz.png","name":"山竹","tex":"sz","smoke":[0.9,0.41,0.5],"light":2,"cond":3,"norm":100},{"id":8,"icon":"game/cz.png","name":"橙子","tex":"cz","smoke":[1,0.68,0.07],"light":1,"cond":4,"norm":1},{"id":9,"icon":"game/xhs.png","name":"西红柿","tex":"xhs","smoke":[1,0.33,0.24],"light":1,"cond":4,"norm":1},{"id":10,"icon":"game/yc.png","name":"洋葱","tex":"yc","smoke":[0.7,0.63,0.84],"light":2,"cond":4,"norm":2},{"id":11,"icon":"game/yt.png","name":"杨桃","tex":"yt","smoke":[0.97,0.55,0.27],"light":1,"cond":4,"norm":2},{"id":12,"icon":"game/ps.png","name":"匹萨","tex":"ps","smoke":[0.98,0.67,0.15],"light":1,"column":1,"cond":4,"norm":3},{"id":13,"icon":"game/zyb.png","name":"土块儿","tex":"zyb","smoke":[0.84,0.71,0.5],"light":2,"cond":5}]